Type,Target,mol1,mol2,ddG_pred,std_ddG_pred,ddG_expt,ddG_diff
mcs_docking,hne,30,18,4.5612,0.0443,2.3411,2.2201
mcs_docking,hne,16_neutral,19_neutral,2.3451,0.0293,0.3026,2.0425
mcs_docking,hne,19_neutral,20,-0.8385,0.0351,1.0327,1.8712
mcs_docking,hne,22,18,2.1745,0.0282,0.6028,1.5717
mcs_docking,hne,15,14,0.4862,0.0318,1.9527,1.4665
mcs_docking,hne,22,26,-2.6692,0.0248,-1.2196,1.4496
mcs_docking,hne,28,22,2.6906,0.0294,1.282,1.4086
mcs_docking,hne,20,25,-2.8628,0.0342,-1.4965,1.3663
mcs_docking,hne,17,14,-0.249,0.022,1.0885,1.3375
mcs_docking,hne,22,23,-0.3336,0.0318,0.9902,1.3238
mcs_docking,hne,29,25,3.1023,0.0297,1.8979,1.2044
mcs_docking,hne,22,20,1.892,0.0302,0.858,1.034
mcs_docking,hne,23,25,-0.7066,0.0269,-1.6287,0.9221
mcs_docking,hne,29,6,7.6707,0.0488,6.8651,0.8056
mcs_docking,hne,17,6,3.5779,0.0454,4.3814,0.8035
mcs_docking,hne,6,14,-4.0706,0.0451,-3.2929,0.7776
mcs_docking,hne,26,27,-1.2344,0.0295,-1.9071,0.6727
mcs_docking,hne,17,27,-3.6942,0.0407,-3.074,0.6202
mcs_docking,hne,28,26,-0.2172,0.0348,0.0624,0.2796
mcs_docking,hne,30,25,1.3557,0.0326,1.0998,0.2559
mcs_docking,hne,16_neutral,15,-0.232,0.033,-0.4396,0.2076
mcs_docking,hne,21_neutral,20,1.6107,0.0385,1.7749,0.1642
mcs_docking,hne,21_neutral,18,1.599,0.0352,1.5197,0.0793
mcs_docking,hne,29,26,1.2402,0.0379,1.3168,0.0766
mcs_docking,hne,22,15,-0.8952,0.0413,-0.9169,0.0217
mcs_docking,renin_customcore,b1i5b,b1i5c,0.0759,0.0262,-3.8599,3.9357
mcs_docking,renin_customcore,b1i4b,b1i5d,-0.029,0.0323,-2.8257,2.7967
mcs_docking,renin_customcore,b1i2d,b1i1,-1.2769,0.031,1.0195,2.2964
mcs_docking,renin_customcore,b1i4a,b1i5b,-2.94,0.0316,-0.7723,2.1677
mcs_docking,renin_customcore,b1i4b,b1i2j,-1.0159,0.026,-2.9337,1.9177
mcs_docking,renin_customcore,b1i5i,b1i5n,3.1155,0.0332,1.2132,1.9023
mcs_docking,renin_customcore,b1i4a,b1i2k,-1.5902,0.0285,-3.4001,1.8099
mcs_docking,renin_customcore,b1i4b,b1i5c,-1.7414,0.0295,-3.4767,1.7353
mcs_docking,renin_customcore,b1i2n,b1i1,1.9114,0.0298,3.582,1.6707
mcs_docking,renin_customcore,b1i2i,b1i2a,-0.4211,0.0285,1.1146,1.5357
mcs_docking,renin_customcore,b1i4a,b1i5d,-2.5434,0.0342,-3.9812,1.4378
mcs_docking,renin_customcore,b1i2e,b1i2a,0.4024,0.0228,1.7749,1.3724
mcs_docking,renin_customcore,b1a2m,b1i2j,-0.3618,0.029,-1.7189,1.3572
mcs_docking,renin_customcore,b1a2m,b1i2e,0.3405,0.0286,-0.8687,1.2092
mcs_docking,renin_customcore,b1i4i,b1i2a,1.2569,0.0332,0.0913,1.1656
mcs_docking,renin_customcore,b1i4a,b1i5c,-3.5058,0.0312,-4.6322,1.1264
mcs_docking,renin_customcore,b1i4b,b1i5o,-0.5372,0.0363,-1.6452,1.1079
mcs_docking,renin_customcore,b1i4g,b1i2e,-1.0196,0.0534,-2.12,1.1005
mcs_docking,renin_customcore,b1i2h,b1i2j,-0.4199,0.0228,-1.5011,1.0812
mcs_docking,renin_customcore,b1i5l,b1i4a,1.3692,0.0321,2.4176,1.0484
mcs_docking,renin_customcore,b1i4a,b1i5n,-2.1416,0.0366,-3.0082,0.8665
mcs_docking,renin_customcore,b1i4a,b1i1,-0.8872,0.0324,-0.1591,0.7282
mcs_docking,renin_customcore,b1i4a,b1i5i,-4.9479,0.0332,-4.2214,0.7266
mcs_docking,renin_customcore,b1i2h,b1i2g,0.7911,0.0215,1.4855,0.6944
mcs_docking,renin_customcore,b1i5i,b1i5h,1.3283,0.0262,0.6509,0.6774
mcs_docking,renin_customcore,b1i4b,b1i5k_xray,-2.8398,0.0343,-3.4767,0.6369
mcs_docking,renin_customcore,b1i4a,b1i5j,-3.5847,0.0332,-4.2214,0.6367
mcs_docking,renin_customcore,b1i2d,b1i2o,-2.734,0.0304,-2.1517,0.5823
mcs_docking,renin_customcore,b1i4b,b1i5l,-0.6923,0.0306,-1.2621,0.5698
mcs_docking,renin_customcore,b1i4b,b1i5i,-2.5527,0.0321,-3.0659,0.5131
mcs_docking,renin_customcore,b1i2c,b1i1,-0.0868,0.0306,-0.5108,0.424
mcs_docking,renin_customcore,b1i4b,b1i5j,-2.6606,0.0319,-3.0659,0.4052
mcs_docking,renin_customcore,b1i4g,b1i4e,-2.202,0.0239,-1.8345,0.3675
mcs_docking,renin_customcore,b1i4a,b1i5o,-3.1586,0.0379,-2.8007,0.3579
mcs_docking,renin_customcore,b1i4a,b1i5k_xray,-4.2972,0.0353,-4.6322,0.335
mcs_docking,renin_customcore,b1i4i,b1i4e,-1.0797,0.0423,-1.3981,0.3184
mcs_docking,renin_customcore,b1i2o,b1i4e,0.0924,0.0502,0.3768,0.2844
mcs_docking,renin_customcore,b1i2c,b1i2g,-1.2313,0.0277,-1.4543,0.223
mcs_docking,renin_customcore,b1i2h,b1i2o,-0.9447,0.0287,-0.7422,0.2026
mcs_docking,renin_customcore,b1i4a,b1i2a,-1.3271,0.0232,-1.4641,0.137
mcs_docking,renin_customcore,b1i4g,b1i2g,-0.1136,0.0547,0.0164,0.13
mcs_docking,renin_customcore,b1i2n,b1i2k,0.2315,0.0299,0.341,0.1095
mcs_docking,renin_customcore,b1i4a,b1i5h,-3.6612,0.0339,-3.5705,0.0907
mcs_docking,renin_customcore,b1i4a,b1i5a,-3.0738,0.0318,-3.1599,0.0861
mcs_docking,renin_customcore,b1i4b,b1i5a,-1.9214,0.0298,-2.0044,0.0829
mcs_docking,renin_customcore,b1i4b,b1i4a,1.2274,0.0245,1.1555,0.0719
waterset,urokinase,11417_no_water_pose,7806_no_water_pose,0.7671,0.0269,1.9141,1.147
waterset,urokinase,7806_no_water_pose,8696_no_water_pose,-0.1071,0.0254,-1.1507,1.0435
waterset,urokinase,10302_1GJ7__no_water_pose,11417_no_water_pose,1.1526,0.0232,0.2568,0.8958
waterset,urokinase,10302_1GJ7__no_water_pose,8696_no_water_pose,1.7802,0.0237,1.0202,0.76
waterset,urokinase,10302_1GJ7__no_water_pose,7806_no_water_pose,1.9251,0.0274,2.1709,0.2458
waterset,urokinase,11417_no_water_pose,8696_no_water_pose,0.5798,0.0232,0.7634,0.1836
waterset,brd41_ASH106,cmpd_3_Allyl,cmpd_4_Crotyl,-2.9769,0.0214,-1.55,1.4269
waterset,brd41_ASH106,cmpd_2_methyl,cmpd_4_Crotyl,-0.3941,0.0242,0.95,1.3441
waterset,brd41_ASH106,cmpd_6_ethyl,cmpd_7_n-propyl,0.3568,0.021,1.57,1.2132
waterset,brd41_ASH106,cmpd_2_methyl,cmpd_9_methoxyethyl,1.3485,0.0254,2.37,1.0215
waterset,brd41_ASH106,cmpd_2_methyl,cmpd_3_Allyl,1.8864,0.023,2.5,0.6136
waterset,brd41_ASH106,cmpd_5_1-Butenyl,cmpd_7_n-propyl,0.0548,0.0214,0.62,0.5652
waterset,brd41_ASH106,cmpd_2_methyl,cmpd_5_1-Butenyl,2.3847,0.025,1.95,0.4347
waterset,brd41_ASH106,cmpd_2_methyl,cmpd_8_n-Butyl,1.5281,0.0253,1.93,0.4019
waterset,brd41_ASH106,cmpd_2_methyl,cmpd_6_ethyl,1.3647,0.0223,1.0,0.3647
waterset,brd41_ASH106,cmpd_9_methoxyethyl,cmpd_8_n-Butyl,-0.5687,0.0236,-0.44,0.1287
waterset,brd41_ASH106,cmpd_2_methyl,cmpd_7_n-propyl,2.5473,0.024,2.57,0.0227
waterset,chk1,21_Xtal,12_docked,-0.0443,0.0375,4.4562,4.5005
waterset,chk1,21_Xtal,18_docked,-0.2206,0.0366,3.519,3.7396
waterset,chk1,21_Xtal,24_pose_2,-3.564,0.0365,-0.1087,3.4553
waterset,chk1,21_Xtal,13_docked,-0.1496,0.0328,3.1478,3.2974
waterset,chk1,24_pose_2,20,-0.0395,0.0286,3.095,3.1345
waterset,chk1,21_Xtal,14_docked,-0.7249,0.0353,2.1985,2.9234
waterset,chk1,21_Xtal,19,-0.1023,0.0353,2.8192,2.9215
waterset,chk1,21_Xtal,15_docked,0.14,0.037,3.0248,2.8848
waterset,chk1,21_Xtal,20,0.1952,0.033,2.9863,2.7911
waterset,chk1,21_Xtal,17_torsion_adjust,0.0533,0.0342,2.7447,2.6914
waterset,chk1,21_Xtal,11_docked,0.0375,0.0378,2.0899,2.0524
waterset,chk1,22,16_docked,-0.274,0.0364,1.287,1.561
waterset,chk1,12_docked,15_docked,0.0405,0.0372,-1.4314,1.4719
waterset,chk1,21_Xtal,16_docked,-0.1038,0.0343,1.287,1.3908
waterset,chk1,16_docked,11_docked,-0.1508,0.0319,0.8029,0.9537
waterset,chk1,14_docked,16_docked,-0.0649,0.0305,-0.9115,0.8466
waterset,chk1,18_docked,19,-0.0636,0.0251,-0.6998,0.6362
waterset,chk1,13_docked,17_torsion_adjust,-0.0913,0.0351,-0.4031,0.3118
waterset,chk1,21_Xtal,22,-0.0576,0.0235,0.0,0.0576
waterset,scyt_dehyd,5d,7d,-4.846,0.0267,-1.998,2.848
waterset,scyt_dehyd,2d,4d,-4.5093,0.0267,-1.8617,2.6476
waterset,scyt_dehyd,5d,6d,1.3455,0.0233,3.8477,2.5022
waterset,scyt_dehyd,2d,5d,-2.0191,0.0223,0.2282,2.2473
waterset,scyt_dehyd,8d,4d,-6.714,0.0289,-4.715,1.999
waterset,scyt_dehyd,4d,7d,-1.4039,0.0226,0.0919,1.4958
waterset,scyt_dehyd,3d,6d,-1.6463,0.0227,-0.2126,1.4337
waterset,scyt_dehyd,8d,5d,-3.7569,0.0225,-2.6251,1.1318
waterset,scyt_dehyd,3d,7d,-7.0046,0.026,-6.0582,0.9464
waterset,scyt_dehyd,8d,2d,-2.055,0.0241,-2.8533,0.7983
waterset,scyt_dehyd,3d,4d,-5.6455,0.0241,-6.1501,0.5046
waterset,scyt_dehyd,6d,7d,-5.6986,0.024,-5.8457,0.1471
waterset,hsp90_woodhead,1,4,2.7278,0.0342,3.79,1.0622
waterset,hsp90_woodhead,4,3,1.8853,0.0249,0.85,1.0353
waterset,hsp90_woodhead,1,2,2.5164,0.0255,1.98,0.5364
waterset,hsp90_woodhead,1,3,4.9936,0.032,4.64,0.3536
waterset,hsp90_woodhead,3,2,-2.3577,0.0314,-2.66,0.3023
waterset,throm_nozob_hip75,5,2a_pose_2,-2.6563,0.0248,0.1772,2.8334
waterset,throm_nozob_hip75,5,7e_pose_1,-1.2071,0.0252,1.1389,2.346
waterset,throm_nozob_hip75,5,6d_pose_1,-4.1105,0.0259,-1.9393,2.1712
waterset,throm_nozob_hip75,5,1d_pose_2,-3.5201,0.0232,-1.8077,1.7124
waterset,throm_nozob_hip75,7b,7f,-0.0609,0.0238,1.2865,1.3475
waterset,throm_nozob_hip75,5,1c_pose_1,-3.0457,0.0227,-1.786,1.2598
waterset,throm_nozob_hip75,5,2b_pose_1,-1.7329,0.0245,-0.492,1.2409
waterset,throm_nozob_hip75,5,6e_pose_1,-2.9523,0.0242,-1.8535,1.0988
waterset,throm_nozob_hip75,5,7f,-0.1088,0.0256,0.6709,0.7797
waterset,throm_nozob_hip75,5,3b_pose_2,-1.2338,0.0247,-0.4613,0.7726
waterset,throm_nozob_hip75,5,7c_pose_2,-0.4696,0.023,-1.2149,0.7453
waterset,throm_nozob_hip75,5,1a_xtal_pose,-1.1864,0.022,-0.6157,0.5707
waterset,throm_nozob_hip75,5,7b,-0.1998,0.0227,-0.6157,0.4159
waterset,throm_nozob_hip75,5,2d_pose_2,-0.1353,0.0237,0.1628,0.298
waterset,throm_nozob_hip75,5,6a_pose_1,-2.8228,0.0248,-3.1172,0.2945
waterset,throm_nozob_hip75,5,2c_pose_1,-0.7799,0.0238,-0.492,0.2879
waterset,throm_nozob_hip75,5,6c_pose_2,-2.0119,0.027,-2.2208,0.2089
waterset,throm_nozob_hip75,5,7a_pose_2,-1.0165,0.026,-0.831,0.1855
waterset,throm_nozob_hip75,5,6b_pose_1,-2.3993,0.0255,-2.2433,0.156
waterset,throm_nozob_hip75,5,3a_pose_2,-1.2944,0.0231,-1.3268,0.0324
waterset,throm_nozob_hip75,5,1b_xtal_pose,-2.4721,0.0224,-2.4624,0.0097
waterset,taf12,cmpd_2_methyl,cmpd_9_methoxyethyl,0.8996,0.0327,2.17,1.2704
waterset,taf12,cmpd_5_1-Butenyl,cmpd_7_n-propyl,0.691,0.0284,1.88,1.189
waterset,taf12,cmpd_9_methoxyethyl,cmpd_8_n-Butyl,0.4442,0.0236,-0.59,1.0342
waterset,taf12,cmpd_2_methyl,cmpd_6_ethyl,0.8281,0.0299,1.33,0.5019
waterset,taf12,cmpd_2_methyl,cmpd_7_n-propyl,1.2691,0.0317,1.74,0.4709
waterset,taf12,cmpd_3_Allyl,cmpd_4_Crotyl,0.0983,0.0221,-0.37,0.4683
waterset,taf12,cmpd_2_methyl,cmpd_5_1-Butenyl,0.2412,0.0246,-0.14,0.3812
waterset,taf12,cmpd_2_methyl,cmpd_8_n-Butyl,1.3206,0.0336,1.58,0.2594
waterset,taf12,cmpd_2_methyl,cmpd_4_Crotyl,1.3275,0.0325,1.15,0.1775
waterset,taf12,cmpd_6_ethyl,cmpd_7_n-propyl,0.2636,0.0217,0.41,0.1464
waterset,taf12,cmpd_2_methyl,cmpd_3_Allyl,1.4386,0.031,1.52,0.0814
waterset,hsp90_kung,cmpd_7,cmpd_12,-3.4852,0.0334,0.22,3.7052
waterset,hsp90_kung,cmpd_9,cmpd_7,0.9667,0.0333,-1.49,2.4567
waterset,hsp90_kung,cmpd_13,cmpd_17,1.6322,0.0248,-0.59,2.2222
waterset,hsp90_kung,cmpd_13,cmpd_10,2.5322,0.0271,0.96,1.5722
waterset,hsp90_kung,cmpd_9,cmpd_12,-2.7789,0.0206,-1.27,1.5089
waterset,hsp90_kung,cmpd_15,cmpd_12,-1.0881,0.0228,0.42,1.5081
waterset,hsp90_kung,cmpd_16,cmpd_13,-1.2615,0.0234,0.18,1.4415
waterset,hsp90_kung,cmpd_14,cmpd_8,2.3939,0.0329,0.96,1.4339
waterset,hsp90_kung,cmpd_15,cmpd_17,0.0075,0.0246,-1.13,1.1375
waterset,hsp90_kung,cmpd_9,cmpd_13,-3.3526,0.0227,-2.23,1.1226
waterset,hsp90_kung,cmpd_9,cmpd_14,1.0033,0.0228,0.1,0.9033
waterset,hsp90_kung,cmpd_10,cmpd_8,3.2051,0.0355,2.33,0.8751
waterset,hsp90_kung,cmpd_11,cmpd_12,-0.7844,0.021,0.0,0.7844
waterset,hsp90_kung,cmpd_15,cmpd_11,-0.3587,0.0247,0.42,0.7787
waterset,hsp90_kung,cmpd_9,cmpd_11,-1.829,0.0203,-1.27,0.559
waterset,hsp90_kung,cmpd_16,cmpd_17,0.1097,0.022,-0.41,0.5197
waterset,hsp90_kung,cmpd_7,cmpd_8,2.0668,0.0228,2.55,0.4832
waterset,hsp90_kung,cmpd_16,cmpd_10,1.4947,0.0296,1.14,0.3547
waterset,hsp90_kung,cmpd_16,cmpd_14,2.8093,0.023,2.51,0.2993
macrocycles,MHT1_lig3_alpha05,5AN26_ligand,5ANU_ligand,-3.959,0.0326,-5.39,1.431
macrocycles,MHT1_lig3_alpha05,5AN26_ligand,5ANT_A_ligand,-0.5992,0.0273,-0.98,0.3808
macrocycles,MHT1_lig3_alpha05,5ANT_A_ligand,5ANU_ligand,-4.0447,0.0295,-4.41,0.3653
macrocycles,hsp90_3hvd_custcore,17__top_conformer,16__3VHD,-2.5197,0.0428,0.1869,2.7066
macrocycles,hsp90_3hvd_custcore,lig_3B27,16__3VHD,-3.7939,0.0424,-5.7008,1.9069
macrocycles,hsp90_3hvd_custcore,8__3VHA,16__3VHD,-0.6932,0.0456,-2.5883,1.8951
macrocycles,hsp90_3hvd_custcore,lig_3B27,17__top_conformer,-4.107,0.0436,-5.8877,1.7807
macrocycles,hsp90_3hvd_custcore,18_minimized,13,0.3623,0.0462,1.9137,1.5514
macrocycles,hsp90_3hvd_custcore,11__3VHC,16__3VHD,0.9683,0.0441,-0.5461,1.5144
macrocycles,hsp90_3hvd_custcore,8__3VHA,7,-0.388,0.039,0.6548,1.0428
macrocycles,hsp90_3hvd_custcore,12,11__3VHC,-0.1115,0.0436,-1.0365,0.925
macrocycles,hsp90_3hvd_custcore,9,11__3VHC,-1.6312,0.0438,-2.4844,0.8532
macrocycles,hsp90_3hvd_custcore,13,11__3VHC,-0.1367,0.0449,-0.9311,0.7944
macrocycles,hsp90_3hvd_custcore,9,7,0.7999,0.0405,0.2126,0.5873
macrocycles,hsp90_3hvd_custcore,12,13,0.3533,0.0421,-0.1054,0.4587
macrocycles,hsp90_3hvd_custcore,18_minimized,17__top_conformer,0.609,0.0443,0.2496,0.3594
macrocycles,hsp90_3hvd_custcore,18_minimized,16__3VHD,0.6445,0.0482,0.4365,0.208
macrocycles,hsp90_3hvd_custcore,9,8__3VHA,-0.2829,0.04,-0.4422,0.1593
macrocycles,hsp90_3hvd_custcore,8__3VHA,13,-1.1435,0.0454,-1.1111,0.0324
macrocycles,ck2_custcore_hotlys,ligand_15,ligand_14,-2.2422,0.0352,-2.68,0.4378
macrocycles,2Q15_lig17to21_alpha05,ligand_20_S,ligand_17_enu,2.5357,0.0467,0.39,2.1457
macrocycles,2Q15_lig17to21_alpha05,ligand_20_S,ligand_18,1.1679,0.0378,-0.61,1.7779
macrocycles,2Q15_lig17to21_alpha05,ligand_20_S,ligand_21,1.1595,0.042,-0.36,1.5195
macrocycles,2Q15_lig17to21_alpha05,ligand_21,ligand_19,-1.387,0.0245,-0.72,0.667
macrocycles,2Q15_lig17to21_alpha05,ligand_20_S,ligand_19,-0.4818,0.04,-1.08,0.5982
macrocycles,2Q15_lig17to21_alpha05,ligand_21,ligand_18,0.3058,0.0403,-0.25,0.5558
macrocycles,3RKZ_lig62to70_alpha05,lignad_65,ligand_70,-5.7366,0.0592,-3.46,2.2766
macrocycles,3RKZ_lig62to70_alpha05,lignad_65,lignad_68,-0.7032,0.037,0.83,1.5332
macrocycles,3RKZ_lig62to70_alpha05,ligand_69,lignad_65,5.307,0.0585,3.86,1.447
macrocycles,3RKZ_lig62to70_alpha05,lignad_63,lignad_68,-0.3984,0.0383,0.87,1.2684
macrocycles,3RKZ_lig62to70_alpha05,lignad_63,lignad_65,0.7242,0.0435,0.04,0.6842
macrocycles,3RKZ_lig62to70_alpha05,ligand_69,ligand_70,-0.2478,0.0389,0.4,0.6478
macrocycles,3RKZ_lig62to70_alpha05,lignad_63,ligand_64,1.0049,0.0538,0.43,0.5749
macrocycles,3RKZ_lig62to70_alpha05,ligand_62,ligand_64,-1.8605,0.0519,-2.22,0.3595
macrocycles,3RKZ_lig62to70_alpha05,lignad_63,ligand_62,2.8443,0.0533,2.65,0.1943
macrocycles,2B8V_lig24and25_alpha05,ligand25_S,ligand24_S,2.7759,0.0359,2.09,0.6859
macrocycles,2E9P_lig4to7_alpha05,ligand_5,ligand_7,0.1308,0.0364,0.91,0.7792
macrocycles,2E9P_lig4to7_alpha05,ligand_5,ligand_4,-0.1606,0.0362,0.3,0.4606
macrocycles,2E9P_lig4to7_alpha05,ligand_4,ligand_6,0.112,0.0249,-0.21,0.322
macrocycles,2E9P_lig4to7_alpha05,ligand_5,ligand_6,0.344,0.0348,0.09,0.254
macrocycles,2E9P_lig4to7_alpha05,ligand_7,ligand_6,-0.8422,0.034,-0.82,0.0222
merck,pfkfb3_automap,41,70,0.0641,0.0311,-2.9162,2.9803
merck,pfkfb3_automap,42,44,1.0363,0.0245,-1.4819,2.5181
merck,pfkfb3_automap,49,42,-2.8829,0.0253,-0.5325,2.3504
merck,pfkfb3_automap,43,39,2.9862,0.0236,0.8002,2.186
merck,pfkfb3_automap,58,52_flip,0.8668,0.0366,-1.2621,2.129
merck,pfkfb3_automap,63,34,0.4032,0.0489,-1.4107,1.814
merck,pfkfb3_automap,35,68,-1.0518,0.0312,0.3606,1.4124
merck,pfkfb3_automap,65,67,-2.1569,0.0229,-0.7557,1.4012
merck,pfkfb3_automap,47,64,-2.4401,0.0273,-1.0888,1.3512
merck,pfkfb3_automap,47,46,-0.7924,0.0236,0.4741,1.2665
merck,pfkfb3_automap,20,35,-0.3826,0.0318,-1.6223,1.2397
merck,pfkfb3_automap,70,37,1.4647,0.0522,0.3068,1.1578
merck,pfkfb3_automap,67,69,0.5137,0.0489,-0.471,0.9847
merck,pfkfb3_automap,29,69,-2.0353,0.0298,-1.0686,0.9667
merck,pfkfb3_automap,48,53_flip,0.0637,0.0328,1.0087,0.945
merck,pfkfb3_automap,48,63,-1.4989,0.0277,-0.5553,0.9436
merck,pfkfb3_automap,39,46,0.2426,0.0256,-0.6619,0.9044
merck,pfkfb3_automap,47,44,-2.5168,0.022,-1.6152,0.9015
merck,pfkfb3_automap,49,48,-0.9589,0.0265,-0.0721,0.8868
merck,pfkfb3_automap,59,68,-2.5028,0.0345,-1.6631,0.8397
merck,pfkfb3_automap,69,36,2.4469,0.0333,3.2741,0.8272
merck,pfkfb3_automap,70,34,1.1165,0.0472,0.3315,0.785
merck,pfkfb3_automap,56,63,1.4984,0.0295,2.0041,0.5056
merck,pfkfb3_automap,59,70,-1.6967,0.0412,-2.1887,0.492
merck,pfkfb3_automap,44,46,1.6095,0.0237,2.0893,0.4798
merck,pfkfb3_automap,56,54,2.8329,0.0255,2.3861,0.4468
merck,pfkfb3_automap,29,54,1.0241,0.0275,1.4664,0.4423
merck,pfkfb3_automap,67,55,-0.7283,0.0509,-0.3919,0.3364
merck,pfkfb3_automap,35,70,-0.4929,0.0243,-0.1651,0.3278
merck,pfkfb3_automap,65,64,0.3395,0.0304,0.0656,0.2738
merck,pfkfb3_automap,57,70,-0.0814,0.0257,0.1705,0.2519
merck,pfkfb3_automap,49,47,-0.2034,0.0263,-0.3992,0.1958
merck,pfkfb3_automap,58,55,-1.6921,0.029,-1.5023,0.1897
merck,pfkfb3_automap,38,60_adjust,0.4439,0.0304,0.615,0.1712
merck,eg5_extraprotomers,CHEMBL1086410,CHEMBL1085666,-4.5688,0.102,0.9592,5.528
merck,eg5_extraprotomers,CHEMBL1084431,CHEMBL1083517,-5.5554,0.0536,-1.6617,3.8937
merck,eg5_extraprotomers,CHEMBL1086409,CHEMBL1084431,3.767,0.0528,0.0679,3.6991
merck,eg5_extraprotomers,CHEMBL1086409,CHEMBL1083836,2.641,0.0251,-0.9909,3.6318
merck,eg5_extraprotomers,CHEMBL1083517,CHEMBL1085666,-1.7206,0.0754,0.9592,2.6798
merck,eg5_extraprotomers,CHEMBL1086409,CHEMBL1086410,1.0517,0.029,-1.5938,2.6455
merck,eg5_extraprotomers,CHEMBL1086409,CHEMBL1077204,1.1018,0.0447,-1.1807,2.2824
merck,eg5_extraprotomers,CHEMBL1082248,CHEMBL1083836,3.0343,0.0257,0.7744,2.2599
merck,eg5_extraprotomers,CHEMBL1085692,CHEMBL1096002,-1.5074,0.0576,0.2005,1.7079
merck,eg5_extraprotomers,CHEMBL1089393,CHEMBL1093088,-1.1969,0.0298,-2.8534,1.6565
merck,eg5_extraprotomers,CHEMBL1089056,CHEMBL1093088,-0.2019,0.0359,-1.7855,1.5836
merck,eg5_extraprotomers,CHEMBL1078691,CHEMBL1088740,2.9997,0.0267,1.4983,1.5014
merck,eg5_extraprotomers,CHEMBL1096002,CHEMBL1084935,1.9839,0.0532,0.5951,1.3888
merck,eg5_extraprotomers,CHEMBL1082249,CHEMBL1083836,1.6872,0.0365,0.3613,1.3259
merck,eg5_extraprotomers,CHEMBL1077227,CHEMBL1084935,1.8299,0.0403,0.7956,1.0343
merck,eg5_extraprotomers,CHEMBL1093087,CHEMBL1077204,-1.5385,0.0495,-0.5155,1.023
merck,eg5_extraprotomers,CHEMBL1084115,CHEMBL1078998,0.0863,0.0289,-0.9349,1.0212
merck,eg5_extraprotomers,CHEMBL1078774,CHEMBL1088740,2.8589,0.0281,1.9114,0.9475
merck,eg5_extraprotomers,CHEMBL1086410,CHEMBL1089056,1.1098,0.0441,2.0271,0.9173
merck,eg5_extraprotomers,CHEMBL1078774,CHEMBL1084115,1.8339,0.0264,1.1648,0.6691
merck,eg5_extraprotomers,CHEMBL1086409,CHEMBL1096002,-0.6257,0.0333,-1.2603,0.6346
merck,eg5_extraprotomers,CHEMBL1082249,CHEMBL1077227,0.5196,0.0395,-0.1086,0.6282
merck,eg5_extraprotomers,CHEMBL1085895,CHEMBL1088740,2.787,0.034,2.1708,0.6161
merck,eg5_extraprotomers,CHEMBL1093087,CHEMBL1084678,-1.2036,0.0455,-0.5951,0.6085
merck,eg5_extraprotomers,CHEMBL1086409,CHEMBL1083517,-1.0842,0.0239,-1.5938,0.5095
merck,eg5_extraprotomers,CHEMBL1084678,CHEMBL1086410,0.1481,0.051,-0.3335,0.4816
merck,eg5_extraprotomers,CHEMBL1084115,CHEMBL1077227,-1.5149,0.0476,-1.8941,0.3792
merck,eg5_extraprotomers,CHEMBL1084677,CHEMBL1084676,1.0212,0.0622,0.7466,0.2746
merck,eg5_extraprotomers,CHEMBL1078774,CHEMBL1078691,0.1416,0.021,0.4131,0.2715
merck,eg5_extraprotomers,CHEMBL1089393,CHEMBL1085895,-2.7539,0.0352,-2.4921,0.2619
merck,eg5_extraprotomers,CHEMBL1077227,CHEMBL1078998,0.7031,0.0439,0.9592,0.2561
merck,eg5_extraprotomers,CHEMBL1086410,CHEMBL1084676,0.5658,0.049,0.7466,0.1808
merck,eg5_extraprotomers,CHEMBL1084677,CHEMBL1085692,0.0043,0.0556,0.133,0.1287
merck,eg5_extraprotomers,CHEMBL1078774,CHEMBL1089056,1.2856,0.0236,1.1648,0.1208
merck,eg5_extraprotomers,CHEMBL1089393,CHEMBL1078998,-2.0977,0.0287,-2.0028,0.0949
merck,eg5_extraprotomers,CHEMBL1082248,CHEMBL1084678,0.4999,0.047,0.505,0.0051
merck,cdk8_5cei_new_helix_loop_extra,13,14,-0.6909,0.0372,2.9452,3.6361
merck,cdk8_5cei_new_helix_loop_extra,18,14,-0.6947,0.028,2.6407,3.3355
merck,cdk8_5cei_new_helix_loop_extra,13,30,-2.8433,0.0345,-0.4131,2.4302
merck,cdk8_5cei_new_helix_loop_extra,19,13,1.5525,0.0423,-0.5461,2.0986
merck,cdk8_5cei_new_helix_loop_extra,19,25,-0.7224,0.0358,0.9431,1.6656
merck,cdk8_5cei_new_helix_loop_extra,26,25,-0.9192,0.0311,0.4213,1.3406
merck,cdk8_5cei_new_helix_loop_extra,17,25,-2.0458,0.0431,-0.8012,1.2446
merck,cdk8_5cei_new_helix_loop_extra,33,27,1.4552,0.0369,2.6478,1.1926
merck,cdk8_5cei_new_helix_loop_extra,33,36,-1.3315,0.0299,-0.1715,1.16
merck,cdk8_5cei_new_helix_loop_extra,18,13,0.8325,0.0375,-0.3045,1.137
merck,cdk8_5cei_new_helix_loop_extra,18,15,4.3297,0.0304,3.2908,1.039
merck,cdk8_5cei_new_helix_loop_extra,18,43,0.0272,0.0275,-0.9593,0.9865
merck,cdk8_5cei_new_helix_loop_extra,41,35,0.7445,0.0296,-0.2416,0.9861
merck,cdk8_5cei_new_helix_loop_extra,19,33,0.6098,0.0235,-0.3746,0.9844
merck,cdk8_5cei_new_helix_loop_extra,24,15,3.5979,0.045,2.6563,0.9416
merck,cdk8_5cei_new_helix_loop_extra,19,24,1.3323,0.0337,0.3929,0.9394
merck,cdk8_5cei_new_helix_loop_extra,19,26,1.458,0.0282,0.5218,0.9362
merck,cdk8_5cei_new_helix_loop_extra,19,41,-1.4613,0.0276,-0.5461,0.9152
merck,cdk8_5cei_new_helix_loop_extra,19,27,3.1813,0.0381,2.2732,0.9081
merck,cdk8_5cei_new_helix_loop_extra,19,31,-0.2994,0.0293,-1.2009,0.9015
merck,cdk8_5cei_new_helix_loop_extra,19,35,0.0597,0.0291,-0.7877,0.8474
merck,cdk8_5cei_new_helix_loop_extra,13,42,-1.0651,0.0347,-0.2416,0.8235
merck,cdk8_5cei_new_helix_loop_extra,18,19,-0.574,0.0306,0.2416,0.8156
merck,cdk8_5cei_new_helix_loop_extra,18,17,2.7789,0.0267,1.986,0.7929
merck,cdk8_5cei_new_helix_loop_extra,35,40,-0.4157,0.0313,0.3335,0.7492
merck,cdk8_5cei_new_helix_loop_extra,19,29,2.2024,0.0423,1.481,0.7214
merck,cdk8_5cei_new_helix_loop_extra,19,40,-1.1649,0.0288,-0.4542,0.7107
merck,cdk8_5cei_new_helix_loop_extra,22,21,1.2244,0.0279,0.531,0.6933
merck,cdk8_5cei_new_helix_loop_extra,30,37,-0.4961,0.024,0.1715,0.6676
merck,cdk8_5cei_new_helix_loop_extra,19,37,-1.3592,0.0265,-0.7877,0.5715
merck,cdk8_5cei_new_helix_loop_extra,22,34,-0.3432,0.0304,-0.9058,0.5626
merck,cdk8_5cei_new_helix_loop_extra,29,23,-0.313,0.0356,0.2416,0.5546
merck,cdk8_5cei_new_helix_loop_extra,19,39,-1.336,0.0283,-0.7877,0.5483
merck,cdk8_5cei_new_helix_loop_extra,19,20,-0.5028,0.0262,0.0385,0.5413
merck,cdk8_5cei_new_helix_loop_extra,17,42,-3.0567,0.0366,-2.5321,0.5246
merck,cdk8_5cei_new_helix_loop_extra,19,22,0.0181,0.0276,0.4516,0.4335
merck,cdk8_5cei_new_helix_loop_extra,45_flipped,44_flipped,-0.7536,0.0256,-0.3335,0.4201
merck,cdk8_5cei_new_helix_loop_extra,19,32,0.7953,0.0236,1.1875,0.3922
merck,cdk8_5cei_new_helix_loop_extra,38,31,-0.2208,0.0276,-0.5462,0.3254
merck,cdk8_5cei_new_helix_loop_extra,19,23,1.4586,0.0314,1.7227,0.2641
merck,cdk8_5cei_new_helix_loop_extra,40,39,-0.5709,0.0272,-0.3335,0.2374
merck,cdk8_5cei_new_helix_loop_extra,19,36,-0.7133,0.0305,-0.5461,0.1672
merck,cdk8_5cei_new_helix_loop_extra,38,32,1.9862,0.028,1.8422,0.1439
merck,cdk8_5cei_new_helix_loop_extra,19,21,1.0887,0.0276,0.9826,0.1061
merck,cdk8_5cei_new_helix_loop_extra,19,34,-0.3647,0.0282,-0.4542,0.0895
merck,cdk8_5cei_new_helix_loop_extra,19,38,-0.677,0.0275,-0.6547,0.0223
merck,syk_4puz_fullmap,CHEMBL3265014,CHEMBL3265011,5.7701,0.0403,1.7623,4.0078
merck,syk_4puz_fullmap,CHEMBL3265015,CHEMBL3265013,-3.0688,0.0277,-0.3359,2.7329
merck,syk_4puz_fullmap,CHEMBL3265009,CHEMBL3265011,4.2327,0.0392,1.6597,2.573
merck,syk_4puz_fullmap,CHEMBL3265005,CHEMBL3265011,4.1297,0.0371,1.6854,2.4443
merck,syk_4puz_fullmap,CHEMBL3265015,CHEMBL3259820,-3.3547,0.0245,-1.0984,2.2563
merck,syk_4puz_fullmap,CHEMBL3265021,CHEMBL3265019,-1.8774,0.0305,0.1137,1.9911
merck,syk_4puz_fullmap,CHEMBL3265002,docked_CHEMBL3264999_adjust,1.0799,0.0314,-0.7967,1.8766
merck,syk_4puz_fullmap,CHEMBL3265015,CHEMBL3265009,-2.6594,0.0355,-0.8203,1.8391
merck,syk_4puz_fullmap,CHEMBL3265003_tautomer_1,CHEMBL3264995,0.1288,0.045,-1.5605,1.6893
merck,syk_4puz_fullmap,CHEMBL3265029,CHEMBL3265019,-1.2515,0.0298,0.3483,1.5998
merck,syk_4puz_fullmap,CHEMBL3265018,CHEMBL3265020,1.7178,0.0319,0.1844,1.5334
merck,syk_4puz_fullmap,CHEMBL3265028,CHEMBL3265019,-1.1529,0.0324,0.2333,1.3862
merck,syk_4puz_fullmap,CHEMBL3265009,CHEMBL3265006,1.6435,0.0312,0.3396,1.3039
merck,syk_4puz_fullmap,CHEMBL3265037,CHEMBL3265028,0.5105,0.032,1.7543,1.2438
merck,syk_4puz_fullmap,CHEMBL3264995,docked_CHEMBL3264998,-0.5043,0.0451,0.6694,1.1737
merck,syk_4puz_fullmap,CHEMBL3265031,CHEMBL3265032,-0.0636,0.0304,1.0101,1.0737
merck,syk_4puz_fullmap,CHEMBL3265035,CHEMBL3265030_n,0.6571,0.0338,-0.3953,1.0524
merck,syk_4puz_fullmap,CHEMBL3265037,CHEMBL3265032,0.6875,0.0332,1.6958,1.0083
merck,syk_4puz_fullmap,CHEMBL3264997,CHEMBL3264995,-0.4286,0.0403,-1.3985,0.9699
merck,syk_4puz_fullmap,CHEMBL3259820,CHEMBL3265005,1.2185,0.0338,0.2524,0.9661
merck,syk_4puz_fullmap,docked_CHEMBL3264999_adjust,CHEMBL3264996,-0.2,0.0304,0.7481,0.9481
merck,syk_4puz_fullmap,CHEMBL3265017,CHEMBL3265037,-0.3316,0.03,-1.2773,0.9457
merck,syk_4puz_fullmap,CHEMBL3265032,CHEMBL3265030_n,0.4988,0.0312,-0.4031,0.9019
merck,syk_4puz_fullmap,CHEMBL3265003_tautomer_1,CHEMBL3264996,1.0107,0.0315,0.1551,0.8556
merck,syk_4puz_fullmap,CHEMBL3265016,CHEMBL3265022,1.694,0.0311,0.8984,0.7956
merck,syk_4puz_fullmap,CHEMBL3265023,CHEMBL3265020,0.268,0.0311,-0.5261,0.7941
merck,syk_4puz_fullmap,CHEMBL3264995,CHEMBL3264996,0.954,0.0449,1.7156,0.7616
merck,syk_4puz_fullmap,CHEMBL3265037,CHEMBL3265010,1.8833,0.0401,2.6322,0.7489
merck,syk_4puz_fullmap,CHEMBL3265016,CHEMBL3265020,1.4245,0.032,0.6864,0.7381
merck,syk_4puz_fullmap,CHEMBL3265025_flip,CHEMBL3265024,-0.8548,0.0386,-1.5852,0.7304
merck,syk_4puz_fullmap,CHEMBL3265031,CHEMBL3265033,-0.4743,0.0332,0.2403,0.7146
merck,syk_4puz_fullmap,CHEMBL3265036,CHEMBL3265034,-0.3623,0.0298,-1.0694,0.7071
merck,syk_4puz_fullmap,CHEMBL3265017,CHEMBL3265005,1.8695,0.0355,1.164,0.7055
merck,syk_4puz_fullmap,CHEMBL3265018,CHEMBL3265024,0.0893,0.0442,-0.597,0.6863
merck,syk_4puz_fullmap,CHEMBL3265013,CHEMBL3265014,0.0589,0.0282,-0.587,0.6459
merck,syk_4puz_fullmap,CHEMBL3265017,CHEMBL3265026,0.7688,0.0433,0.126,0.6428
merck,syk_4puz_fullmap,CHEMBL3265009,CHEMBL3265010,0.6848,0.0256,0.1652,0.5196
merck,syk_4puz_fullmap,CHEMBL3265036,CHEMBL3265032,-0.1345,0.0312,-0.6509,0.5164
merck,syk_4puz_fullmap,CHEMBL3264997,docked_CHEMBL3264994,0.6659,0.0536,1.178,0.5121
merck,syk_4puz_fullmap,CHEMBL3265013,CHEMBL3265012,-0.2429,0.0258,-0.7331,0.4902
merck,syk_4puz_fullmap,CHEMBL3265017,CHEMBL3265016,0.2399,0.028,-0.2024,0.4423
merck,syk_4puz_fullmap,CHEMBL3265009,CHEMBL3265005,0.408,0.0243,-0.0257,0.4337
merck,syk_4puz_fullmap,CHEMBL3265006,CHEMBL3265005,-0.7989,0.0272,-0.3653,0.4337
merck,syk_4puz_fullmap,CHEMBL3265017,CHEMBL3265029,-0.0665,0.0253,0.362,0.4285
merck,syk_4puz_fullmap,CHEMBL3265034,CHEMBL3265032,0.002,0.0272,0.4185,0.4165
merck,syk_4puz_fullmap,CHEMBL3265012,CHEMBL3265008,1.1418,0.0379,0.7619,0.3799
merck,syk_4puz_fullmap,CHEMBL3265035,CHEMBL3265033,-0.3884,0.0347,-0.762,0.3736
merck,syk_4puz_fullmap,CHEMBL3265013,CHEMBL3259820,-0.3982,0.0243,-0.7625,0.3643
merck,syk_4puz_fullmap,CHEMBL3265032,CHEMBL3265027,1.1014,0.0285,0.7389,0.3625
merck,syk_4puz_fullmap,CHEMBL3265012,CHEMBL3259820,-0.3569,0.023,-0.0294,0.3275
merck,syk_4puz_fullmap,CHEMBL3265028,CHEMBL3265027,0.3642,0.0245,0.6804,0.3162
merck,syk_4puz_fullmap,CHEMBL3265021,CHEMBL3265022,-0.2094,0.0284,0.0994,0.3088
merck,syk_4puz_fullmap,CHEMBL3265037,CHEMBL3265033,0.6262,0.0359,0.926,0.2998
merck,syk_4puz_fullmap,CHEMBL3265015,CHEMBL3265006,-0.7708,0.0392,-0.4807,0.2901
merck,syk_4puz_fullmap,redocked_CHEMBL3265000_ground_state,CHEMBL3265001,0.0201,0.0473,-0.2269,0.247
merck,syk_4puz_fullmap,CHEMBL3265023,CHEMBL3265022,-0.1054,0.0287,-0.3141,0.2087
merck,syk_4puz_fullmap,CHEMBL3265010,CHEMBL3265005,-0.3889,0.0255,-0.1909,0.198
merck,syk_4puz_fullmap,CHEMBL3265029,CHEMBL3265027,0.6155,0.0245,0.7954,0.1799
merck,syk_4puz_fullmap,CHEMBL3265003_tautomer_1,docked_CHEMBL3265004,0.1413,0.034,-0.0365,0.1778
merck,syk_4puz_fullmap,CHEMBL3264997,docked_CHEMBL3264998,-0.9065,0.0419,-0.7291,0.1774
merck,syk_4puz_fullmap,CHEMBL3265029,CHEMBL3265010,0.8211,0.0389,0.9929,0.1718
merck,syk_4puz_fullmap,CHEMBL3265021,CHEMBL3265020,0.0503,0.0279,-0.1126,0.1629
merck,syk_4puz_fullmap,docked_CHEMBL3265004,CHEMBL3265002,0.0814,0.0364,0.2402,0.1588
merck,syk_4puz_fullmap,CHEMBL3265017,CHEMBL3265028,0.3272,0.0284,0.477,0.1498
merck,syk_4puz_fullmap,CHEMBL3265029,CHEMBL3265028,-0.0299,0.0281,0.115,0.1449
merck,syk_4puz_fullmap,CHEMBL3265017,CHEMBL3265032,0.2743,0.0333,0.4185,0.1442
merck,syk_4puz_fullmap,CHEMBL3264995,CHEMBL3265001,0.2119,0.0439,0.3435,0.1316
merck,syk_4puz_fullmap,CHEMBL3265017,CHEMBL3265018,0.173,0.0279,0.2996,0.1266
merck,syk_4puz_fullmap,CHEMBL3265035,CHEMBL3265036,0.5322,0.0337,0.6587,0.1265
merck,syk_4puz_fullmap,CHEMBL3265014,CHEMBL3265008,0.4921,0.0377,0.6158,0.1238
merck,syk_4puz_fullmap,CHEMBL3265024,CHEMBL3265026,0.3006,0.0282,0.4234,0.1228
merck,syk_4puz_fullmap,CHEMBL3265017,CHEMBL3265023,0.8935,0.0286,1.0101,0.1166
merck,syk_4puz_fullmap,redocked_CHEMBL3265000_ground_state,CHEMBL3264997,0.7201,0.0447,0.8281,0.108
merck,syk_4puz_fullmap,CHEMBL3265035,CHEMBL3265032,0.1101,0.032,0.0078,0.1023
merck,syk_4puz_fullmap,CHEMBL3265034,CHEMBL3265029,0.4619,0.029,0.362,0.0999
merck,syk_4puz_fullmap,CHEMBL3265031,CHEMBL3265030_n,0.7067,0.0329,0.607,0.0997
merck,syk_4puz_fullmap,CHEMBL3265034,CHEMBL3265027,1.1035,0.0283,1.1574,0.0539
merck,syk_4puz_fullmap,docked_CHEMBL3264998,docked_CHEMBL3264994,1.9554,0.0591,1.9071,0.0483
merck,tnks2_fullmap,8a_neutral,7,-0.1863,0.0338,2.4092,2.5955
merck,tnks2_fullmap,3a,1a,4.7094,0.0257,2.4459,2.2635
merck,tnks2_fullmap,5e,7,-0.3444,0.0312,1.7108,2.0552
merck,tnks2_fullmap,5e,5c,-1.74,0.0249,0.1472,1.8872
merck,tnks2_fullmap,7,5n,-0.4505,0.0372,-2.3178,1.8673
merck,tnks2_fullmap,8f_neutral,8a_neutral,2.6162,0.0288,1.0051,1.6111
merck,tnks2_fullmap,8d_neutral_equitorial,8c_neutral_equitorial,0.8778,0.0222,2.3665,1.4887
merck,tnks2_fullmap,3a,3b,0.8928,0.022,-0.5228,1.4156
merck,tnks2_fullmap,8e_adjust_neutral,5k,0.6157,0.0299,-0.7198,1.3355
merck,tnks2_fullmap,5p,5o_adjust,-0.2524,0.0291,-1.5347,1.2823
merck,tnks2_fullmap,5j,5d,1.3405,0.022,0.1993,1.1412
merck,tnks2_fullmap,5a,1a,3.3307,0.0268,2.2079,1.1228
merck,tnks2_fullmap,5f,5l,-0.8593,0.0226,0.1705,1.0298
merck,tnks2_fullmap,8d_neutral_equitorial,8b_neutral,1.5277,0.0304,0.5595,0.9682
merck,tnks2_fullmap,3a,5a,1.1623,0.0248,0.238,0.9243
merck,tnks2_fullmap,5b,5c,1.308,0.0218,0.514,0.794
merck,tnks2_fullmap,5o_adjust,5m,0.1413,0.0316,-0.6509,0.7922
merck,tnks2_fullmap,5f,5i,-1.0434,0.0219,-1.8158,0.7724
merck,tnks2_fullmap,5k,5m,-1.0232,0.0223,-1.7255,0.7023
merck,tnks2_fullmap,3b,5d,1.3309,0.0247,0.6342,0.6967
merck,tnks2_fullmap,5j,3b,0.1701,0.0289,-0.4349,0.605
merck,tnks2_fullmap,8f_neutral,8c_neutral_equitorial,1.1119,0.0278,1.6881,0.5762
merck,tnks2_fullmap,5a,5c,0.2273,0.0231,0.7981,0.5708
merck,tnks2_fullmap,5g,5h,1.2969,0.0237,0.7562,0.5407
merck,tnks2_fullmap,5p,5n,0.3177,0.0253,-0.2113,0.529
merck,tnks2_fullmap,5o_adjust,5n,0.7951,0.0239,1.3234,0.5283
merck,tnks2_fullmap,8f_neutral,8e_adjust_neutral,1.06,0.0224,1.5675,0.5075
merck,tnks2_fullmap,1b,5a,-1.2799,0.0279,-0.8213,0.4585
merck,tnks2_fullmap,8a_neutral,5d,-0.5345,0.0304,-0.0791,0.4554
merck,tnks2_fullmap,1b,1a,1.7268,0.0234,1.3866,0.3402
merck,tnks2_fullmap,8d_neutral_equitorial,5o_adjust,0.7108,0.033,0.4515,0.2593
merck,tnks2_fullmap,5k,5d,-0.1794,0.0214,0.0783,0.2577
merck,tnks2_fullmap,5l,5b,-0.1241,0.022,-0.3818,0.2577
merck,tnks2_fullmap,5i,5h,1.7731,0.0239,2.0291,0.256
merck,tnks2_fullmap,5f,5g,-0.6739,0.0217,-0.5429,0.131
merck,tnks2_fullmap,5h,5j,-1.1288,0.0273,-1.0346,0.0942
merck,tnks2_fullmap,8b_neutral,5m,-0.8478,0.0306,-0.7589,0.0889
merck,tnks2_fullmap,8b_neutral,8a_neutral,1.0504,0.0233,1.124,0.0736
merck,shp2,11,Example_24,3.6421,0.0299,-2.7231,6.3652
merck,shp2,Example_22,Example_9,-4.9095,0.0469,0.4447,5.3543
merck,shp2,4,Example_27,1.1915,0.0281,-2.6965,3.888
merck,shp2,Example_23,Example_3,-3.3596,0.0313,0.5245,3.8841
merck,shp2,3,Example_27,0.0234,0.0261,-3.0556,3.079
merck,shp2,SHP099-1_Example_7,Example_24,3.444,0.0232,0.6754,2.7686
merck,shp2,SHP099-1_Example_7,Example_30,-2.1625,0.0235,0.5955,2.758
merck,shp2,SHP099-1_Example_7,Example_25,3.4016,0.0241,0.8827,2.5189
merck,shp2,SHP099-1_Example_7,10,0.1633,0.0219,2.5984,2.4351
merck,shp2,SHP099-1_Example_7,Example_8,-2.1985,0.0389,0.0403,2.2388
merck,shp2,Example_14,Example_27,3.3955,0.0391,1.2597,2.1358
merck,shp2,Example_29,Example_4,-2.4209,0.0307,-0.5783,1.8426
merck,shp2,Example_29,10,-1.2558,0.0377,0.4685,1.7243
merck,shp2,Example_9,Example_8,0.7073,0.0262,-0.9182,1.6255
merck,shp2,SHP836-2,7,-1.9008,0.0411,-0.3633,1.5375
merck,shp2,Example_24,Example_23,-1.1687,0.0203,0.3369,1.5056
merck,shp2,Example_1,Example_5,2.7387,0.0316,1.4251,1.3136
merck,shp2,Example_1,Example_30,-1.4159,0.021,-0.1689,1.2469
merck,shp2,Example_14,Example_8,1.1939,0.0416,0.0659,1.128
merck,shp2,4,SHP836-2,0.209,0.0225,-0.8911,1.1001
merck,shp2,SHP836-2,3,0.1849,0.0201,1.2503,1.0654
merck,shp2,7,6,0.0218,0.0423,-0.9536,0.9754
merck,shp2,SHP099-1_Example_7,Example_28,2.2289,0.0333,1.2953,0.9336
merck,shp2,Example_22,Example_23,-0.3061,0.0185,0.4985,0.8046
merck,shp2,Example_28,Example_5,0.0902,0.0371,0.8943,0.8041
merck,shp2,Example_22,Example_24,0.954,0.0207,0.1616,0.7924
merck,shp2,Example_6,Example_1,-0.5875,0.0217,0.0811,0.6686
merck,shp2,Example_6,Example_5,2.168,0.0253,1.5062,0.6618
merck,shp2,Example_1,6,0.3489,0.0281,0.9581,0.6092
merck,shp2,Example_26,Example_24,0.4296,0.0251,-0.1182,0.5477
merck,shp2,Example_2,3,2.4114,0.0442,2.8133,0.4019
merck,shp2,SHP099-1_Example_7,Example_27,1.5448,0.0423,1.2341,0.3107
merck,shp2,Example_29,Example_6,-1.5951,0.0404,-1.4465,0.1487
merck,shp2,11,10,-0.679,0.0236,-0.8002,0.1212
merck,shp2,Example_26,Example_25,0.1865,0.0276,0.0891,0.0974
merck,shp2,4,3,0.4184,0.02,0.3591,0.0592
merck,shp2,Example_2,Example_1,-0.6618,0.0196,-0.712,0.0502
merck,shp2,Example_4,Example_3,0.0032,0.0196,-0.0148,0.018
merck,hif2a_automap,7b,256,4.1733,0.0397,-3.2792,7.4525
merck,hif2a_automap,338,237,-3.9965,0.0379,1.2088,5.2052
merck,hif2a_automap,227,252,4.8171,0.0312,1.0462,3.7709
merck,hif2a_automap,7a,256,3.0897,0.034,-0.6766,3.7663
merck,hif2a_automap,338,41,-2.7297,0.0386,0.9715,3.7012
merck,hif2a_automap,227,155,3.6901,0.0295,0.2552,3.4349
merck,hif2a_automap,30,336,4.168,0.0358,0.7422,3.4258
merck,hif2a_automap,290,254,4.2643,0.0464,1.016,3.2483
merck,hif2a_automap,237,290,-4.2624,0.0356,-1.016,3.2465
merck,hif2a_automap,7b,15,-6.7152,0.0329,-3.6517,3.0636
merck,hif2a_automap,235,165,3.782,0.0415,0.8877,2.8943
merck,hif2a_automap,227,289,2.7117,0.0257,-0.1555,2.8672
merck,hif2a_automap,165,124,-3.7,0.034,-0.8877,2.8124
merck,hif2a_automap,1,290,-1.9588,0.0359,0.759,2.7178
merck,hif2a_automap,234,290,-2.9017,0.0416,-0.2179,2.6838
merck,hif2a_automap,266,156,3.4721,0.0363,0.7975,2.6746
merck,hif2a_automap,67,231,2.8019,0.0419,0.1489,2.653
merck,hif2a_automap,31,50,1.7728,0.0276,-0.8546,2.6274
merck,hif2a_automap,206,15,-3.436,0.0235,-0.9232,2.5128
merck,hif2a_automap,156,124,-2.8836,0.0343,-0.3868,2.4968
merck,hif2a_automap,57,336,3.33,0.0319,0.8502,2.4798
merck,hif2a_automap,290,164,6.1923,0.0301,3.8009,2.3914
merck,hif2a_automap,1,224,-0.7078,0.0308,1.6646,2.3724
merck,hif2a_automap,43,61,0.7258,0.0352,-1.4081,2.1339
merck,hif2a_automap,84,23,-1.4134,0.034,0.508,1.9214
merck,hif2a_automap,167,224,-0.887,0.0301,1.0136,1.9005
merck,hif2a_automap,206,215,-2.3542,0.0222,-0.4766,1.8776
merck,hif2a_automap,41,163,0.6378,0.0352,-1.2233,1.8611
merck,hif2a_automap,206,254,-1.2394,0.0286,0.5733,1.8127
merck,hif2a_automap,30,251,2.1339,0.036,0.3221,1.8118
merck,hif2a_automap,54,252,1.3626,0.0461,-0.4028,1.7654
merck,hif2a_automap,235,167,1.2118,0.0266,-0.5507,1.7625
merck,hif2a_automap,57,155,1.89,0.0218,0.1704,1.7196
merck,hif2a_automap,227,57,1.7951,0.0218,0.0848,1.7103
merck,hif2a_automap,42,155,0.1346,0.0323,-1.5636,1.6982
merck,hif2a_automap,266,15,1.1654,0.0354,-0.5125,1.6779
merck,hif2a_automap,235,215,1.1963,0.0278,-0.4766,1.6729
merck,hif2a_automap,54,290,-2.9053,0.0363,-1.2562,1.6491
merck,hif2a_automap,7a,23,1.388,0.028,2.9297,1.5416
merck,hif2a_automap,234,256,1.0492,0.0409,-0.3259,1.3751
merck,hif2a_automap,43,7a,0.0718,0.0348,-1.2976,1.3694
merck,hif2a_automap,167,57,-1.2181,0.0282,0.0,1.2181
merck,hif2a_automap,227,124,1.8477,0.0325,0.6355,1.2122
merck,hif2a_automap,30,290,-1.2065,0.0326,0.0,1.2065
merck,hif2a_automap,235,31,2.4555,0.0346,1.2807,1.1749
merck,hif2a_automap,252,155,-1.9253,0.0303,-0.791,1.1343
merck,hif2a_automap,15,25,1.8863,0.0243,0.7631,1.1232
merck,hif2a_automap,156,31,-0.2018,0.0313,0.8938,1.0956
merck,hif2a_automap,30,42,0.5374,0.026,1.626,1.0886
merck,hif2a_automap,251,256,0.6479,0.0277,-0.4301,1.078
merck,hif2a_automap,165,215,-2.4343,0.0429,-1.3643,1.0701
merck,hif2a_automap,54,42,-0.6056,0.0273,0.3698,0.9754
merck,hif2a_automap,41,25,0.4472,0.0342,-0.4961,0.9433
merck,hif2a_automap,231,15,-1.9653,0.0268,-1.0234,0.9419
merck,hif2a_automap,67,290,0.4697,0.0497,-0.394,0.8637
merck,hif2a_automap,234,156,-0.246,0.0269,0.6116,0.8576
merck,hif2a_automap,61,215,-1.3409,0.0269,-0.492,0.8489
merck,hif2a_automap,338,156,0.2207,0.0335,1.0223,0.8016
merck,hif2a_automap,167,41,0.1039,0.0357,0.8867,0.7828
merck,hif2a_automap,289,163,0.633,0.0255,-0.0963,0.7293
merck,hif2a_automap,206,163,-1.6126,0.0232,-0.8873,0.7253
merck,hif2a_automap,1,7b,4.6373,0.0288,3.9302,0.7071
merck,hif2a_automap,155,163,0.1625,0.0259,-0.507,0.6695
merck,hif2a_automap,30,57,-0.7307,0.033,-0.108,0.6227
merck,hif2a_automap,156,163,-0.6613,0.0273,-1.2741,0.6128
merck,hif2a_automap,234,206,0.8089,0.0252,0.2248,0.5841
merck,hif2a_automap,289,61,1.3842,0.0288,0.8064,0.5778
merck,hif2a_automap,252,251,-0.2274,0.0298,-0.5313,0.3039
merck,hif2a_automap,215,254,1.3484,0.027,1.0499,0.2986
merck,hif2a_automap,338,234,0.6653,0.0396,0.4107,0.2546
merck,hif2a_automap,43,41,-0.8375,0.0231,-1.0876,0.25
merck,hif2a_automap,234,163,-0.8489,0.0204,-0.6625,0.1864
merck,hif2a_automap,30,41,0.6131,0.0284,0.7787,0.1656
merck,hif2a_automap,234,1,-1.1308,0.0297,-0.9769,0.1539
merck,hif2a_automap,30,31,1.5763,0.024,1.7234,0.147
merck,hif2a_automap,251,163,-0.8493,0.03,-0.7667,0.0826
merck,hif2a_automap,231,25,-0.3061,0.0315,-0.2603,0.0458
merck,hif2a_automap,237,163,-1.4291,0.0333,-1.4606,0.0315
merck,cmet,CHEMBL3402741_400,CHEMBL3402764_90,1.8138,0.0529,-0.8838,2.6976
merck,cmet,CHEMBL3402761_1_redocked,CHEMBL3402755_4200,2.6372,0.0379,4.943,2.3058
merck,cmet,CHEMBL3402745_200,CHEMBL3402748_5300,-0.0411,0.0312,1.9417,1.9827
merck,cmet,CHEMBL3402763_90,CHEMBL3402764_90,1.6405,0.047,0.0,1.6405
merck,cmet,CHEMBL3402748_5300,CHEMBL3402751_2100,1.0879,0.031,-0.5485,1.6364
merck,cmet,CHEMBL3402760_1_redocked,CHEMBL3402762_1_redocked,-1.4467,0.0384,0.0,1.4467
merck,cmet,CHEMBL3402743_42,CHEMBL3402756_2.7_redocked,-3.0476,0.0456,-1.626,1.4216
merck,cmet,CHEMBL3402747_3400,CHEMBL3402754_40,-4.0271,0.0288,-2.6322,1.3949
merck,cmet,CHEMBL3402759_5.7_redocked,CHEMBL3402762_1_redocked,-2.3403,0.0408,-1.0312,1.3091
merck,cmet,CHEMBL3402743_42,CHEMBL3402742_23,-1.6547,0.0374,-0.3568,1.2979
merck,cmet,CHEMBL3402747_3400,CHEMBL3402752_30000,0.0075,0.0264,1.2901,1.2826
merck,cmet,CHEMBL3402761_1_redocked,CHEMBL3402762_1_redocked,-1.2231,0.0449,0.0,1.2231
merck,cmet,CHEMBL3402747_3400,CHEMBL3402744_300,-0.3498,0.0292,-1.4384,1.0886
merck,cmet,CHEMBL3402754_40,CHEMBL3402757_6.5_redocked,0.0041,0.0479,-1.0766,1.0807
merck,cmet,CHEMBL3402747_3400,CHEMBL3402749_500,-2.1679,0.0265,-1.1357,1.0322
merck,cmet,CHEMBL3402753_200,CHEMBL3402755_4200,0.8039,0.0223,1.8038,1.0
merck,cmet,CHEMBL3402745_200,CHEMBL3402743_42,0.0311,0.0417,-0.9247,0.9557
merck,cmet,CHEMBL3402756_2.7_redocked,CHEMBL3402754_40,0.6863,0.0483,1.5971,0.9108
merck,cmet,CHEMBL3402750_400,CHEMBL3402749_500,1.0364,0.024,0.1322,0.9042
merck,cmet,CHEMBL3402745_200,CHEMBL3402761_1_redocked,-4.0237,0.0399,-3.1392,0.8846
merck,cmet,CHEMBL3402749_500,CHEMBL3402754_40,-2.3509,0.029,-1.4964,0.8544
merck,cmet,CHEMBL3402752_30000,CHEMBL3402751_2100,-0.7717,0.0285,-1.5756,0.8039
merck,cmet,CHEMBL3402741_400,CHEMBL3402763_90,-0.1779,0.0305,-0.8838,0.7059
merck,cmet,CHEMBL3402760_1_redocked,CHEMBL3402761_1_redocked,-0.6986,0.0457,0.0,0.6986
merck,cmet,CHEMBL3402759_5.7_redocked,CHEMBL3402758_10_redocked,-0.3476,0.0286,0.333,0.6806
merck,cmet,CHEMBL3402765_11-charged-pKa-8.1,CHEMBL3402764_90,1.9163,0.0351,1.2453,0.6709
merck,cmet,CHEMBL3402743_42,CHEMBL3402764_90,1.1152,0.0244,0.4516,0.6637
merck,cmet,CHEMBL3402750_400,CHEMBL3402755_4200,0.8363,0.0303,1.3932,0.5568
merck,cmet,CHEMBL3402753_200,CHEMBL3402754_40,-1.4996,0.0229,-0.9535,0.5461
merck,cmet,CHEMBL3402744_300,CHEMBL3402745_200,-0.7256,0.023,-0.2402,0.4854
merck,cmet,CHEMBL3402757_6.5_redocked,CHEMBL3402758_10_redocked,-0.1843,0.0255,0.2552,0.4395
merck,cmet,CHEMBL3402753_200,CHEMBL3402748_5300,1.6172,0.0299,1.9417,0.3245
merck,cmet,CHEMBL3402745_200,CHEMBL3402742_23,-1.5964,0.0484,-1.2815,0.3149
merck,cmet,CHEMBL3402750_400,CHEMBL3402748_5300,1.8178,0.0258,1.531,0.2868
merck,cmet,CHEMBL3402760_1_redocked,CHEMBL3402757_6.5_redocked,0.8439,0.0231,1.109,0.2651
merck,cmet,CHEMBL3402742_23,CHEMBL3402763_90,1.036,0.0359,0.8084,0.2277
merck,cmet,CHEMBL3402765_11-charged-pKa-8.1,CHEMBL3402743_42,0.6832,0.0332,0.7938,0.1106
merck,cmet,CHEMBL3402756_2.7_redocked,CHEMBL3402757_6.5_redocked,0.4795,0.022,0.5205,0.041
merck,cmet,CHEMBL3402756_2.7_redocked,CHEMBL3402742_23,1.2363,0.0542,1.2692,0.0329
merck,cmet,CHEMBL3402759_5.7_redocked,CHEMBL3402756_2.7_redocked,-0.4249,0.0265,-0.4427,0.0178
jacs_set,ptp1b,23486,23479,0.4228,0.0434,3.33,2.9072
jacs_set,ptp1b,23484,23486,-2.1182,0.0255,-4.72,2.6018
jacs_set,ptp1b,23482,23486,-0.1516,0.029,-2.46,2.3084
jacs_set,ptp1b,23484,23485,-1.2144,0.0264,-3.26,2.0456
jacs_set,ptp1b,23484,20667,-1.7056,0.0259,-3.67,1.9644
jacs_set,ptp1b,20667,23479,0.5759,0.0429,2.28,1.7041
jacs_set,ptp1b,23483,20670,-0.7302,0.0334,0.79,1.5202
jacs_set,ptp1b,23480,23482,0.1688,0.0453,-1.29,1.4588
jacs_set,ptp1b,23467,23476,-0.6187,0.0321,-2.07,1.4513
jacs_set,ptp1b,23485,23479,0.4462,0.0447,1.87,1.4238
jacs_set,ptp1b,23477,23483,0.3695,0.0325,-1.02,1.3895
jacs_set,ptp1b,23483,23479,-0.6062,0.0476,0.73,1.3362
jacs_set,ptp1b,23477,23467,0.2384,0.0306,1.51,1.2716
jacs_set,ptp1b,20667,23482,0.1695,0.0281,1.41,1.2405
jacs_set,ptp1b,23482,23479,-0.3076,0.0424,0.87,1.1776
jacs_set,ptp1b,23484,23482,-1.1112,0.0327,-2.26,1.1488
jacs_set,ptp1b,23482,20670,-0.2101,0.0318,0.93,1.1401
jacs_set,ptp1b,23477,23482,-0.0253,0.0309,-1.16,1.1347
jacs_set,ptp1b,23482,23485,0.0922,0.0303,-1.0,1.0922
jacs_set,ptp1b,23486,23485,0.3911,0.0241,1.46,1.0689
jacs_set,ptp1b,20669,23472,-1.1071,0.0375,-0.04,1.0671
jacs_set,ptp1b,23467,23475,-0.3424,0.0294,-1.38,1.0376
jacs_set,ptp1b,23477,23466,-0.0202,0.0324,1.0,1.0202
jacs_set,ptp1b,23476,23466,0.6238,0.0331,1.56,0.9362
jacs_set,ptp1b,23467,23469,0.5322,0.033,-0.38,0.9122
jacs_set,ptp1b,23469,23472,-1.7752,0.0416,-0.93,0.8452
jacs_set,ptp1b,23467,23473,-0.2293,0.0258,-1.05,0.8207
jacs_set,ptp1b,20669,23466,-0.0432,0.0324,0.76,0.8032
jacs_set,ptp1b,23466,20670,-0.4778,0.0312,-1.23,0.7522
jacs_set,ptp1b,20667,23486,-0.3152,0.0228,-1.05,0.7348
jacs_set,ptp1b,23467,23470,0.3154,0.0332,-0.38,0.6954
jacs_set,ptp1b,23467,23468,0.1768,0.0306,-0.41,0.5868
jacs_set,ptp1b,23466,23475,-0.3134,0.03,-0.87,0.5566
jacs_set,ptp1b,23467,23474,-1.2828,0.033,-1.77,0.4872
jacs_set,ptp1b,23474,23466,0.893,0.0326,1.26,0.367
jacs_set,ptp1b,23467,23466,-0.2347,0.027,-0.51,0.2753
jacs_set,ptp1b,23473,20669,0.05,0.0303,-0.22,0.27
jacs_set,ptp1b,20667,23485,0.1455,0.0246,0.41,0.2645
jacs_set,ptp1b,23480,23479,-0.1572,0.0337,-0.42,0.2628
jacs_set,ptp1b,23484,23479,-1.1353,0.0466,-1.39,0.2547
jacs_set,ptp1b,23469,20669,-0.6665,0.0324,-0.89,0.2235
jacs_set,ptp1b,23471,23470,0.2082,0.0295,0.03,0.1782
jacs_set,ptp1b,23330,20670,1.2071,0.0306,1.05,0.1571
jacs_set,ptp1b,23471,23466,-0.2537,0.0294,-0.1,0.1537
jacs_set,ptp1b,23477,23479,-0.1465,0.0295,-0.29,0.1435
jacs_set,ptp1b,23477,20670,-0.3227,0.0248,-0.23,0.0927
jacs_set,ptp1b,20670,23479,0.0127,0.0296,-0.06,0.0727
jacs_set,ptp1b,23471,23468,0.0207,0.0253,0.0,0.0207
jacs_set,ptp1b,23477,23330,-1.2882,0.0313,-1.28,0.0082
jacs_set,p38,2g,2h,3.96,0.0275,1.18,2.78
jacs_set,p38,2gg,3fln,-2.8945,0.0354,-0.22,2.6745
jacs_set,p38,2k,2m,-2.9856,0.0305,-0.41,2.5756
jacs_set,p38,2j,2f,-0.9035,0.0297,1.6,2.5035
jacs_set,p38,2ee,3fln,-1.1228,0.031,1.38,2.5028
jacs_set,p38,2j,2ee,-0.0526,0.0343,-2.18,2.1274
jacs_set,p38,2j,2m,-2.9322,0.031,-0.88,2.0522
jacs_set,p38,2j,2h,2.3723,0.0278,0.6,1.7723
jacs_set,p38,2j,2gg,1.0819,0.0387,-0.58,1.6619
jacs_set,p38,2g,2f,0.6406,0.0247,2.18,1.5394
jacs_set,p38,3flq,3fly,-0.0496,0.0316,-1.49,1.4404
jacs_set,p38,3fln,2e,1.5229,0.0235,0.18,1.3429
jacs_set,p38,3fln,2r,-1.0952,0.0302,0.09,1.1852
jacs_set,p38,2j,2q,-1.0002,0.0383,-2.18,1.1798
jacs_set,p38,2c,3flz,-0.0948,0.0305,0.97,1.0648
jacs_set,p38,3fmh,3fly,0.4424,0.0285,-0.59,1.0324
jacs_set,p38,3flq,2z,0.5743,0.0409,-0.43,1.0043
jacs_set,p38,2k,3fln,-1.3177,0.0273,-0.33,0.9877
jacs_set,p38,2j,2t,-2.7013,0.0303,-1.77,0.9313
jacs_set,p38,2ff,3fln,-0.3393,0.0285,0.56,0.8993
jacs_set,p38,2y,2v,1.678,0.0295,0.81,0.868
jacs_set,p38,2j,2r,-1.5589,0.0341,-0.71,0.8489
jacs_set,p38,3flw,2z,1.0346,0.0383,0.32,0.7146
jacs_set,p38,2j,2e,0.0369,0.0274,-0.62,0.6569
jacs_set,p38,2y,2z,0.073,0.0353,-0.58,0.653
jacs_set,p38,2g,3flz,0.5491,0.0233,1.17,0.6209
jacs_set,p38,2j,2ff,-0.7447,0.0319,-1.36,0.6153
jacs_set,p38,3fln,3flz,0.7751,0.025,1.39,0.6149
jacs_set,p38,3fln,2v,2.5184,0.0303,1.91,0.6084
jacs_set,p38,3fmk,2z,0.8649,0.0352,1.47,0.6051
jacs_set,p38,2t,3fln,1.5673,0.026,0.97,0.5973
jacs_set,p38,2l,2s,0.5661,0.031,1.15,0.5839
jacs_set,p38,2aa,2z,-0.5076,0.0342,-1.09,0.5824
jacs_set,p38,3fmh,2v,2.3683,0.0314,1.86,0.5083
jacs_set,p38,2l,2p,1.4942,0.0337,1.06,0.4342
jacs_set,p38,2j,2v,1.543,0.0343,1.11,0.433
jacs_set,p38,2l,2o,1.3409,0.0316,1.77,0.4291
jacs_set,p38,2o,3fln,0.0282,0.032,-0.39,0.4182
jacs_set,p38,2p,3fln,-0.0708,0.033,0.32,0.3908
jacs_set,p38,2l,2n,0.0398,0.0287,0.41,0.3702
jacs_set,p38,2v,3fly,-2.1062,0.0264,-2.45,0.3438
jacs_set,p38,2g,2c,0.5413,0.0308,0.2,0.3413
jacs_set,p38,2q,2u,-0.3057,0.0385,0.0,0.3057
jacs_set,p38,2x,3fly,-0.8909,0.0306,-1.19,0.2991
jacs_set,p38,2n,3fln,0.6748,0.0289,0.97,0.2952
jacs_set,p38,2aa,2bb,0.4962,0.0372,0.21,0.2862
jacs_set,p38,2u,2k,1.4685,0.0378,1.71,0.2415
jacs_set,p38,2aa,3flw,-1.6395,0.0347,-1.41,0.2295
jacs_set,p38,3fln,2s,-0.0647,0.031,-0.23,0.1653
jacs_set,p38,2bb,2v,0.241,0.0315,0.09,0.151
jacs_set,p38,2g,2i,0.4818,0.0262,0.61,0.1282
jacs_set,p38,2x,2v,1.1775,0.0298,1.26,0.0825
jacs_set,p38,3fmk,2v,2.8889,0.0315,2.86,0.0289
jacs_set,p38,2g,3fln,-0.1968,0.0234,-0.22,0.0232
jacs_set,p38,2j,2l,-2.203,0.0299,-2.18,0.023
jacs_set,p38,2i,3fln,-0.848,0.0274,-0.83,0.018
jacs_set,bace,CAT-4l,CAT-13k,-3.2626,0.0295,-0.36,2.9026
jacs_set,bace,CAT-4m,CAT-4l,2.3902,0.028,-0.19,2.5802
jacs_set,bace,CAT-17g,CAT-13i,-1.9742,0.0305,0.47,2.4442
jacs_set,bace,CAT-13g,CAT-17g,1.6012,0.0318,-0.65,2.2512
jacs_set,bace,CAT-13e,CAT-17g,2.2782,0.0299,0.22,2.0582
jacs_set,bace,CAT-17i,CAT-13f,-1.4712,0.0297,0.38,1.8512
jacs_set,bace,CAT-4m,CAT-4k,2.9708,0.0261,1.3,1.6708
jacs_set,bace,CAT-13e,CAT-17i,2.1386,0.029,0.49,1.6486
jacs_set,bace,CAT-4o,CAT-4b,-1.7834,0.0267,-0.25,1.5334
jacs_set,bace,CAT-13g,CAT-17i,1.1442,0.0305,-0.38,1.5242
jacs_set,bace,CAT-13d,CAT-13f,-0.1147,0.0259,1.38,1.4947
jacs_set,bace,CAT-13d,CAT-17d,2.3957,0.0242,1.05,1.3457
jacs_set,bace,CAT-13n,CAT-13k,-2.5031,0.0289,-1.16,1.3431
jacs_set,bace,CAT-13a,CAT-17g,0.3675,0.0329,-0.9,1.2675
jacs_set,bace,CAT-24,CAT-17e,0.0874,0.0259,1.327,1.2396
jacs_set,bace,CAT-4m,CAT-4j,1.3256,0.0243,0.13,1.1956
jacs_set,bace,CAT-13d,CAT-13i,0.031,0.0257,1.2,1.169
jacs_set,bace,CAT-13b,CAT-17g,0.5304,0.0286,-0.62,1.1504
jacs_set,bace,CAT-17g,CAT-17c,-1.1988,0.0243,-0.12,1.0788
jacs_set,bace,CAT-4a,CAT-4o,-0.3977,0.024,-1.45,1.0523
jacs_set,bace,CAT-13n,CAT-4i,-0.6827,0.0309,0.28,0.9627
jacs_set,bace,CAT-13k,CAT-4b,-0.8655,0.027,0.07,0.9355
jacs_set,bace,CAT-4c,CAT-4o,-0.5974,0.0276,-1.53,0.9326
jacs_set,bace,CAT-17g,CAT-17f,-0.5407,0.0215,0.32,0.8607
jacs_set,bace,CAT-17i,CAT-17a,-2.0891,0.0254,-1.26,0.8291
jacs_set,bace,CAT-17g,CAT-13c,-0.3818,0.0291,0.42,0.8018
jacs_set,bace,CAT-4k,CAT-4o,-2.3308,0.0247,-1.53,0.8008
jacs_set,bace,CAT-13n,CAT-13a,-1.0869,0.0304,-0.3,0.7869
jacs_set,bace,CAT-13a,CAT-17i,0.0755,0.0309,-0.63,0.7055
jacs_set,bace,CAT-13o,CAT-17i,-1.5839,0.03,-0.93,0.6539
jacs_set,bace,CAT-13d,CAT-13h,0.2244,0.0223,0.84,0.6156
jacs_set,bace,CAT-4i,CAT-13m,-1.0962,0.0301,-0.5,0.5962
jacs_set,bace,CAT-4o,CAT-4d,-0.325,0.0282,0.27,0.595
jacs_set,bace,CAT-4p,CAT-13k,-0.1712,0.0292,0.38,0.5512
jacs_set,bace,CAT-13h,CAT-17i,0.6916,0.0272,0.16,0.5316
jacs_set,bace,CAT-13d,CAT-17h,0.6665,0.0227,0.14,0.5265
jacs_set,bace,CAT-13k,CAT-4d,1.1025,0.0284,0.59,0.5125
jacs_set,bace,CAT-24,CAT-17i,1.414,0.0231,1.877,0.463
jacs_set,bace,CAT-4m,CAT-13k,-1.0044,0.0276,-0.55,0.4544
jacs_set,bace,CAT-17b,CAT-13d,-0.0198,0.0247,-0.45,0.4302
jacs_set,bace,CAT-4j,CAT-4o,-0.7578,0.0214,-0.36,0.3978
jacs_set,bace,CAT-17b,CAT-17e,0.3766,0.0228,0.0,0.3766
jacs_set,bace,CAT-17f,CAT-17e,-0.9595,0.0254,-0.6,0.3595
jacs_set,bace,CAT-13d,CAT-17a,-0.608,0.0213,-0.26,0.348
jacs_set,bace,CAT-4m,CAT-13m,0.0579,0.03,0.39,0.3321
jacs_set,bace,CAT-4m,CAT-13j,0.7314,0.0304,0.42,0.3114
jacs_set,bace,CAT-4n,CAT-13k,-0.8859,0.0279,-0.61,0.2759
jacs_set,bace,CAT-13c,CAT-17i,0.1251,0.029,-0.15,0.2751
jacs_set,bace,CAT-17g,CAT-17d,0.5304,0.021,0.32,0.2104
jacs_set,bace,CAT-13a,CAT-13m,-0.127,0.0299,0.08,0.207
jacs_set,bace,CAT-13j,CAT-4o,-0.8149,0.0321,-0.65,0.1649
jacs_set,bace,CAT-4m,CAT-4n,-0.0883,0.0239,0.06,0.1483
jacs_set,bace,CAT-4m,CAT-4p,-1.0621,0.0279,-0.93,0.1321
jacs_set,bace,CAT-13d,CAT-13b,1.2315,0.0256,1.35,0.1185
jacs_set,bace,CAT-4a,CAT-13k,-1.8617,0.0249,-1.77,0.0917
jacs_set,bace,CAT-17c,CAT-17e,-0.2345,0.0271,-0.16,0.0745
jacs_set,bace,CAT-13o,CAT-17h,-1.8261,0.0298,-1.79,0.0361
jacs_set,bace,CAT-4m,CAT-4c,1.3175,0.028,1.3,0.0175
jacs_set,jnk1_manual_flips,18636-1,18658-1,-0.7267,0.0315,-2.19,1.4633
jacs_set,jnk1_manual_flips,18638-1,18660-1,0.2521,0.0391,1.39,1.1379
jacs_set,jnk1_manual_flips,18627-1,18630-1,0.3936,0.0199,-0.66,1.0536
jacs_set,jnk1_manual_flips,17124-1,18634-1,0.684,0.0218,-0.31,0.994
jacs_set,jnk1_manual_flips,18638-1,18639-1,-0.4855,0.0321,0.35,0.8355
jacs_set,jnk1_manual_flips,18627-1,18633-1,0.1105,0.0227,-0.69,0.8005
jacs_set,jnk1_manual_flips,18627-1,18624-1,0.7478,0.0205,-0.01,0.7578
jacs_set,jnk1_manual_flips,18659-1,18660-1,0.0661,0.0344,0.77,0.7039
jacs_set,jnk1_manual_flips,18634-1,18635-1,2.1454,0.0272,2.7,0.5546
jacs_set,jnk1_manual_flips,18634-1,18631-1,0.8917,0.0233,0.58,0.3117
jacs_set,jnk1_manual_flips,18630-1,18624-1,0.3679,0.0211,0.65,0.2821
jacs_set,jnk1_manual_flips,18638-1,18634-1,-0.1286,0.0287,0.1,0.2286
jacs_set,jnk1_manual_flips,18630-1,18633-1,-0.1903,0.0226,-0.03,0.1603
jacs_set,jnk1_manual_flips,18638-1,18637-1,-0.2089,0.0388,-0.05,0.1589
jacs_set,jnk1_manual_flips,18638-1,18652-1,-0.7391,0.023,-0.59,0.1491
jacs_set,jnk1_manual_flips,18659-1,18658-1,-0.3669,0.027,-0.23,0.1369
jacs_set,jnk1_manual_flips,18634-1,18658-1,0.3788,0.0227,0.29,0.0888
jacs_set,thrombin_core,1d,5,3.2695,0.0232,0.67,2.5995
jacs_set,thrombin_core,6a,1d,-1.5787,0.024,0.93,2.5087
jacs_set,thrombin_core,1d,7a,2.0872,0.0264,0.03,2.0572
jacs_set,thrombin_core,5,1c,-2.7035,0.0228,-0.98,1.7235
jacs_set,thrombin_core,6a,1b,-0.4567,0.023,0.72,1.1767
jacs_set,thrombin_core,6e,1c,-0.4394,0.0228,0.35,0.7894
jacs_set,thrombin_core,3a,6b,-1.2092,0.0249,-0.57,0.6392
jacs_set,thrombin_core,1b,1a,0.3819,0.0223,0.98,0.5981
jacs_set,thrombin_core,1d,1a,0.1938,0.0248,0.77,0.5762
jacs_set,thrombin_core,6a,3b,0.7572,0.0255,1.32,0.5628
jacs_set,thrombin_core,6b,3b,0.6695,0.0261,1.03,0.3605
jacs_set,thrombin_core,6e,1a,1.2052,0.0239,1.43,0.2248
jacs_set,thrombin_core,3a,7a,-0.0806,0.0246,0.1,0.1806
jacs_set,thrombin_core,6e,6b,0.0551,0.0228,0.02,0.0351
jacs_set,mcl1_extra_flips,51_flip,61,-3.1683,0.0342,0.37,3.5383
jacs_set,mcl1_extra_flips,65,27,5.8075,0.0308,2.29,3.5175
jacs_set,mcl1_extra_flips,57,53,-4.3928,0.0336,-0.92,3.4728
jacs_set,mcl1_extra_flips,62,48,4.7598,0.0423,1.3,3.4598
jacs_set,mcl1_extra_flips,65,47_flip,5.9399,0.0341,2.63,3.3099
jacs_set,mcl1_extra_flips,66,42,2.3799,0.0272,-0.47,2.8499
jacs_set,mcl1_extra_flips,66,29,4.2596,0.0332,1.49,2.7696
jacs_set,mcl1_extra_flips,40,23,1.16,0.0358,-1.58,2.74
jacs_set,mcl1_extra_flips,29,50,-5.0735,0.0302,-2.39,2.6835
jacs_set,mcl1_extra_flips,42,60,-2.651,0.0346,-0.02,2.631
jacs_set,mcl1_extra_flips,61,54,0.7793,0.0355,-1.7,2.4793
jacs_set,mcl1_extra_flips,67,56,0.7217,0.0262,-1.68,2.4017
jacs_set,mcl1_extra_flips,31,58,-3.7278,0.0288,-1.49,2.2378
jacs_set,mcl1_extra_flips,47_flip,53,-6.4058,0.0309,-4.18,2.2258
jacs_set,mcl1_extra_flips,32,60,-4.5173,0.0323,-2.34,2.1773
jacs_set,mcl1_extra_flips,48,32,-2.0706,0.0319,0.08,2.1506
jacs_set,mcl1_extra_flips,30,34,-1.0909,0.0249,0.98,2.0709
jacs_set,mcl1_extra_flips,56,23,2.3674,0.0348,0.43,1.9374
jacs_set,mcl1_extra_flips,27,60,-4.6078,0.0323,-2.8,1.8078
jacs_set,mcl1_extra_flips,68,60,-2.9018,0.0344,-1.23,1.6718
jacs_set,mcl1_extra_flips,40,45,-0.0391,0.0325,-1.7,1.6609
jacs_set,mcl1_extra_flips,54,33,1.3696,0.0302,2.9,1.5304
jacs_set,mcl1_extra_flips,67,61,0.9647,0.0271,-0.5,1.4647
jacs_set,mcl1_extra_flips,29,33,-1.369,0.0253,0.06,1.429
jacs_set,mcl1_extra_flips,49,52,-2.1798,0.0232,-0.87,1.3098
jacs_set,mcl1_extra_flips,47_flip,40,-2.7468,0.0325,-1.47,1.2768
jacs_set,mcl1_extra_flips,67,53,-1.1931,0.026,-2.38,1.1869
jacs_set,mcl1_extra_flips,58,53,0.6047,0.0235,-0.55,1.1547
jacs_set,mcl1_extra_flips,51_flip,27,1.2158,0.0295,2.33,1.1142
jacs_set,mcl1_extra_flips,48,29,-1.3879,0.0314,-0.28,1.1079
jacs_set,mcl1_extra_flips,49,35_flip,0.6072,0.0267,-0.45,1.0572
jacs_set,mcl1_extra_flips,61,33,2.2087,0.0304,1.2,1.0087
jacs_set,mcl1_extra_flips,29,27,-0.0901,0.0245,0.82,0.9101
jacs_set,mcl1_extra_flips,56,53,-1.601,0.0257,-0.7,0.901
jacs_set,mcl1_extra_flips,49,43_flip,0.4697,0.0306,1.33,0.8603
jacs_set,mcl1_extra_flips,32,50,-3.592,0.0276,-2.75,0.842
jacs_set,mcl1_extra_flips,27,39,-1.7286,0.0268,-0.91,0.8186
jacs_set,mcl1_extra_flips,47_flip,27,0.4705,0.0287,-0.34,0.8105
jacs_set,mcl1_extra_flips,33,37,-2.7719,0.0242,-2.07,0.7019
jacs_set,mcl1_extra_flips,37,60,-0.6663,0.0267,0.03,0.6963
jacs_set,mcl1_extra_flips,37,50,0.1643,0.0238,-0.38,0.5443
jacs_set,mcl1_extra_flips,50,46,2.2243,0.0323,1.73,0.4943
jacs_set,mcl1_extra_flips,35_flip,45,0.3097,0.0318,-0.14,0.4497
jacs_set,mcl1_extra_flips,68,27,1.9832,0.0314,1.57,0.4132
jacs_set,mcl1_extra_flips,35_flip,46,0.8141,0.0305,1.21,0.3959
jacs_set,mcl1_extra_flips,40,34,0.7689,0.0305,0.38,0.3889
jacs_set,mcl1_extra_flips,35_flip,44,-0.2481,0.0299,0.14,0.3881
jacs_set,mcl1_extra_flips,41_flip,49,-0.8751,0.03,-1.23,0.3549
jacs_set,mcl1_extra_flips,31,50,-1.1065,0.0272,-1.41,0.3035
jacs_set,mcl1_extra_flips,61,60,-0.5789,0.0241,-0.84,0.2611
jacs_set,mcl1_extra_flips,33,50,-2.6908,0.0267,-2.45,0.2408
jacs_set,mcl1_extra_flips,65,58,-0.8113,0.0291,-1.0,0.1887
jacs_set,mcl1_extra_flips,56,33,2.5435,0.0282,2.38,0.1635
jacs_set,mcl1_extra_flips,43_flip,29,0.2303,0.031,0.09,0.1403
jacs_set,mcl1_extra_flips,62,45,-0.8592,0.0361,-0.99,0.1308
jacs_set,mcl1_extra_flips,41_flip,46,-0.3417,0.0328,-0.47,0.1283
jacs_set,mcl1_extra_flips,62,32,1.2937,0.0342,1.38,0.0863
jacs_set,mcl1_extra_flips,27,32,-0.5391,0.0213,-0.46,0.0791
jacs_set,tyk2,ejm_44,ejm_55,-4.6211,0.0382,-1.79,2.8311
jacs_set,tyk2,jmc_23,ejm_55,-0.2864,0.0262,2.49,2.7764
jacs_set,tyk2,ejm_31,jmc_28,0.3892,0.0262,-1.44,1.8292
jacs_set,tyk2,ejm_47,ejm_55,-1.2216,0.0393,0.49,1.7116
jacs_set,tyk2,ejm_43,ejm_55,-2.4887,0.0358,-0.95,1.5387
jacs_set,tyk2,ejm_42,ejm_55,-0.8264,0.0245,0.57,1.3964
jacs_set,tyk2,ejm_44,ejm_42,-3.7515,0.0249,-2.36,1.3915
jacs_set,tyk2,ejm_31,ejm_46,-0.5318,0.0247,-1.77,1.2382
jacs_set,tyk2,ejm_31,ejm_48,1.5681,0.0271,0.54,1.0281
jacs_set,tyk2,jmc_28,jmc_30,-0.8481,0.022,0.04,0.8881
jacs_set,tyk2,ejm_42,ejm_54,-1.4532,0.0298,-0.75,0.7032
jacs_set,tyk2,ejm_55,ejm_54,-0.6512,0.0282,-1.32,0.6688
jacs_set,tyk2,ejm_42,ejm_48,1.4462,0.0261,0.78,0.6662
jacs_set,tyk2,ejm_49,ejm_31,-1.1589,0.0282,-1.79,0.6311
jacs_set,tyk2,jmc_23,jmc_30,0.1301,0.0228,0.76,0.6299
jacs_set,tyk2,ejm_47,ejm_31,-0.4391,0.0288,0.16,0.5991
jacs_set,tyk2,ejm_31,ejm_43,1.7956,0.0244,1.28,0.5156
jacs_set,tyk2,ejm_45,ejm_42,0.18,0.0234,-0.22,0.4
jacs_set,tyk2,jmc_28,jmc_27,-0.6844,0.0216,-0.3,0.3844
jacs_set,tyk2,jmc_23,ejm_46,0.0346,0.0216,0.39,0.3554
jacs_set,tyk2,ejm_50,ejm_42,-0.4522,0.0275,-0.8,0.3478
jacs_set,tyk2,ejm_49,ejm_50,-0.9391,0.0293,-1.23,0.2909
jacs_set,tyk2,jmc_23,jmc_27,0.2203,0.0217,0.42,0.1997
jacs_set,tyk2,ejm_31,ejm_45,-0.1838,0.0243,-0.02,0.1638
jacs_set,cdk2,1h1s,26,-0.2031,0.0384,2.82,3.0231
jacs_set,cdk2,28,26,0.3686,0.038,2.68,2.3114
jacs_set,cdk2,17,22,1.4441,0.0275,-0.82,2.2641
jacs_set,cdk2,29,26,-0.6389,0.0369,1.45,2.0889
jacs_set,cdk2,17,21,1.2861,0.0275,-0.79,2.0761
jacs_set,cdk2,17,1h1q,0.6825,0.0229,-1.14,1.8225
jacs_set,cdk2,22,1h1r,-1.4413,0.0272,0.19,1.6313
jacs_set,cdk2,1h1r,21,1.4678,0.027,-0.16,1.6278
jacs_set,cdk2,30,26,-0.0016,0.0339,1.38,1.3816
jacs_set,cdk2,1h1r,1oi9,-0.7403,0.0259,-2.07,1.3297
jacs_set,cdk2,1h1s,1oiy,0.3024,0.0425,1.46,1.1576
jacs_set,cdk2,1oiy,29,0.9627,0.049,-0.09,1.0527
jacs_set,cdk2,31,32,0.6324,0.0445,-0.21,0.8424
jacs_set,cdk2,28,31,0.7903,0.0388,1.57,0.7797
jacs_set,cdk2,1oiu,1h1q,1.6026,0.0319,0.9,0.7026
jacs_set,cdk2,1oiy,1oi9,-0.5603,0.0288,0.05,0.6103
jacs_set,cdk2,1oiu,26,1.2362,0.0354,0.65,0.5862
jacs_set,cdk2,20,1h1q,-0.0149,0.0253,0.54,0.5549
jacs_set,cdk2,1oiy,1h1q,1.1097,0.0272,1.61,0.5003
jacs_set,cdk2,1oiy,31,0.6,0.0355,0.25,0.35
jacs_set,cdk2,1oiy,32,-0.2872,0.0488,0.04,0.3272
jacs_set,cdk2,26,1h1q,0.4606,0.0244,0.25,0.2106
jacs_set,cdk2,30,31,0.3957,0.0282,0.27,0.1257
jacs_set,cdk2,26,1oi9,-1.1922,0.0266,-1.31,0.1178
jacs_set,cdk2,1oi9,20,1.0068,0.0292,1.02,0.0132
janssen_bace,bace_ciordia_prospective,spiro10,spiro5,2.6576,0.0276,0.74,1.9176
janssen_bace,bace_ciordia_prospective,spiro6,spiro10,0.0277,0.0232,1.03,1.0023
janssen_bace,bace_ciordia_prospective,spiro15,spiro6,-1.4669,0.0255,-0.48,0.9869
janssen_bace,bace_ciordia_prospective,spiro3,spiro6,-1.3758,0.0261,-0.55,0.8258
janssen_bace,bace_ciordia_prospective,spiro16,spiro5,1.0944,0.0293,0.42,0.6744
janssen_bace,bace_ciordia_prospective,spiro15,spiro1,0.9502,0.0225,1.53,0.5798
janssen_bace,bace_ciordia_prospective,spiro5,spiro2,0.2389,0.025,0.73,0.4911
janssen_bace,bace_ciordia_prospective,spiro15,spiro16,0.4749,0.0232,0.87,0.3951
janssen_bace,bace_ciordia_prospective,spiro4,spiro2,0.3024,0.0278,0.59,0.2876
janssen_bace,bace_ciordia_prospective,spiro4,spiro1,-0.0569,0.0265,0.1,0.1569
janssen_bace,bace_ciordia_prospective,spiro1,spiro2,0.6183,0.0238,0.49,0.1283
janssen_bace,bace_ciordia_prospective,spiro3,spiro2,1.9855,0.0264,1.95,0.0355
janssen_bace,bace_ciordia_retro,30,39,0.3364,0.0259,-2.4134,2.7498
janssen_bace,bace_ciordia_retro,30,37,-0.069,0.0263,-2.5026,2.4336
janssen_bace,bace_ciordia_retro,39,25,-1.4583,0.0274,0.4907,1.949
janssen_bace,bace_ciordia_retro,1a,39,-1.3549,0.0275,-3.2761,1.9212
janssen_bace,bace_ciordia_retro,40,25,-1.8624,0.0276,-0.2241,1.6383
janssen_bace,bace_ciordia_retro,30,21,-1.6464,0.0261,-3.2679,1.6215
janssen_bace,bace_ciordia_retro,17,31,2.3626,0.0245,0.8316,1.5311
janssen_bace,bace_ciordia_retro,40,33,0.0654,0.0249,1.506,1.4407
janssen_bace,bace_ciordia_retro,1a,37,-1.9483,0.028,-3.3653,1.4171
janssen_bace,bace_ciordia_retro,41,25,-1.1398,0.0299,0.2399,1.3797
janssen_bace,bace_ciordia_retro,39,32,0.2896,0.0261,1.6393,1.3497
janssen_bace,bace_ciordia_retro,40,36,-3.6235,0.027,-2.3327,1.2908
janssen_bace,bace_ciordia_retro,28,31,0.7255,0.0251,-0.5365,1.262
janssen_bace,bace_ciordia_retro,28,14,0.4179,0.027,-0.8392,1.2571
janssen_bace,bace_ciordia_retro,31,1a,2.2807,0.0276,3.4489,1.1682
janssen_bace,bace_ciordia_retro,28,37,0.6096,0.0255,-0.453,1.0626
janssen_bace,bace_ciordia_retro,22,12,-1.853,0.0277,-2.85,0.997
janssen_bace,bace_ciordia_retro,20,34,0.8845,0.024,-0.0818,0.9663
janssen_bace,bace_ciordia_retro,32,37,-0.7892,0.0245,-1.7285,0.9393
janssen_bace,bace_ciordia_retro,11,25,-1.0728,0.0228,-0.1667,0.9062
janssen_bace,bace_ciordia_retro,28,40,1.244,0.0241,0.351,0.8929
janssen_bace,bace_ciordia_retro,16,36,-4.7947,0.0292,-3.921,0.8738
janssen_bace,bace_ciordia_retro,26,32,1.7717,0.0275,2.6436,0.8719
janssen_bace,bace_ciordia_retro,19,32,1.3916,0.0269,2.1893,0.7978
janssen_bace,bace_ciordia_retro,19,39,1.3013,0.0288,0.5501,0.7512
janssen_bace,bace_ciordia_retro,17,18,1.1939,0.0245,0.4641,0.7298
janssen_bace,bace_ciordia_retro,31,18,-1.0916,0.0261,-0.3675,0.7242
janssen_bace,bace_ciordia_retro,33,13,-1.8045,0.0243,-2.5033,0.6988
janssen_bace,bace_ciordia_retro,31,35,-1.0078,0.0229,-0.3482,0.6596
janssen_bace,bace_ciordia_retro,12,13,0.1865,0.0215,0.8136,0.6271
janssen_bace,bace_ciordia_retro,29,35,-0.519,0.0272,-1.1461,0.6271
janssen_bace,bace_ciordia_retro,29,15,1.4217,0.0295,0.8182,0.6035
janssen_bace,bace_ciordia_retro,41,40,1.0461,0.0292,0.464,0.5821
janssen_bace,bace_ciordia_retro,24,33,2.07,0.0261,2.6459,0.5759
janssen_bace,bace_ciordia_retro,1a,36,-5.4382,0.0293,-4.894,0.5442
janssen_bace,bace_ciordia_retro,12,18,0.0192,0.0243,0.5559,0.5367
janssen_bace,bace_ciordia_retro,1a,13,-3.0343,0.0291,-3.5586,0.5243
janssen_bace,bace_ciordia_retro,20,36,-1.2984,0.0256,-0.8111,0.4873
janssen_bace,bace_ciordia_retro,11,24,-1.5581,0.0228,-1.0825,0.4756
janssen_bace,bace_ciordia_retro,38,13,-0.722,0.0238,-0.2583,0.4636
janssen_bace,bace_ciordia_retro,1a,32,-1.2626,0.0279,-1.6368,0.3742
janssen_bace,bace_ciordia_retro,29,23,-0.724,0.0289,-1.0833,0.3593
janssen_bace,bace_ciordia_retro,35,14,0.3767,0.0277,0.0455,0.3312
janssen_bace,bace_ciordia_retro,12,27,0.5734,0.02,0.8445,0.2711
janssen_bace,bace_ciordia_retro,22,1a,1.7856,0.0313,1.5222,0.2633
janssen_bace,bace_ciordia_retro,41,26,-0.9998,0.03,-1.2551,0.2554
janssen_bace,bace_ciordia_retro,41,15,1.4062,0.0317,1.1925,0.2137
janssen_bace,bace_ciordia_retro,28,20,-0.9589,0.038,-1.1706,0.2117
janssen_bace,bace_ciordia_retro,11,38,-0.4864,0.0227,-0.6816,0.1951
janssen_bace,bace_ciordia_retro,22,29,-0.9447,0.0302,-1.1288,0.184
janssen_bace,bace_ciordia_retro,20,13,0.6974,0.0231,0.5243,0.1731
janssen_bace,bace_ciordia_retro,21,27,0.4351,0.0219,0.6029,0.1678
janssen_bace,bace_ciordia_retro,28,23,-0.9809,0.0278,-0.822,0.1589
janssen_bace,bace_ciordia_retro,28,22,1.5363,0.0288,1.3901,0.1462
janssen_bace,bace_ciordia_retro,19,34,-0.1947,0.0271,-0.3386,0.1438
janssen_bace,bace_ciordia_retro,16,33,-0.1508,0.0252,-0.0822,0.0686
janssen_bace,bace_ciordia_retro,29,1a,2.6953,0.0267,2.651,0.0443
janssen_bace,bace_ciordia_retro,11,27,-0.9382,0.0197,-0.909,0.0292
janssen_bace,bace_ciordia_retro,13,32,1.9467,0.0251,1.9217,0.0249
janssen_bace,bace_p3_arg368_in,17g,17d,3.0173,0.0249,-0.2729,3.2902
janssen_bace,bace_p3_arg368_in,17g,17a,3.0643,0.0325,0.1773,2.887
janssen_bace,bace_p3_arg368_in,27g,17g,-1.2293,0.0421,1.1323,2.3616
janssen_bace,bace_p3_arg368_in,17g,8g,3.1041,0.0398,0.764,2.3401
janssen_bace,bace_p3_arg368_in,27c,27f,-0.8524,0.0321,0.9141,1.7665
janssen_bace,bace_p3_arg368_in,27g,27e,1.3365,0.0307,2.8922,1.5557
janssen_bace,bace_p3_arg368_in,8c,8f,-0.7072,0.0291,0.8458,1.553
janssen_bace,bace_p3_arg368_in,27d,27f,-1.0122,0.0256,0.1774,1.1896
janssen_bace,bace_p3_arg368_in,8g,8a,3.6771,0.0328,2.5647,1.1123
janssen_bace,bace_p3_arg368_in,27d,27a,1.1381,0.0314,0.1228,1.0153
janssen_bace,bace_p3_arg368_in,8d,8g,-2.9192,0.0246,-2.0054,0.9138
janssen_bace,bace_p3_arg368_in,8e,8d,0.9392,0.025,0.0682,0.871
janssen_bace,bace_p3_arg368_in,27e,17e,-1.7339,0.0421,-2.5921,0.8581
janssen_bace,bace_p3_arg368_in,8d,8f,0.0292,0.0258,0.8868,0.8576
janssen_bace,bace_p3_arg368_in,27a,27c,-1.6615,0.0332,-0.8595,0.802
janssen_bace,bace_p3_arg368_in,27g,27d,2.3355,0.0254,2.974,0.6385
janssen_bace,bace_p3_arg368_in,17b,17d,0.8025,0.0265,0.191,0.6115
janssen_bace,bace_p3_arg368_in,17d,17c,-0.9398,0.0265,-0.3547,0.5851
janssen_bace,bace_p3_arg368_in,27d,27c,-0.2191,0.0285,-0.7367,0.5176
janssen_bace,bace_p3_arg368_in,8c,8a,0.988,0.0289,0.5184,0.4696
janssen_bace,bace_p3_arg368_in,17f,17c,-0.5565,0.0297,-0.1092,0.4473
janssen_bace,bace_p3_arg368_in,17a,17c,-1.2432,0.0289,-0.8049,0.4383
janssen_bace,bace_p3_arg368_in,27a,17a,-2.2072,0.0395,-1.7872,0.42
janssen_bace,bace_p3_arg368_in,27d,27b,-0.3057,0.0269,-0.6958,0.39
janssen_bace,bace_p3_arg368_in,8e,8b,-0.3913,0.0308,-0.0955,0.2958
janssen_bace,bace_p3_arg368_in,27e,27d,0.3479,0.0271,0.0819,0.2661
janssen_bace,bace_p3_arg368_in,17f,17d,0.48,0.0257,0.2455,0.2345
janssen_bace,bace_p3_arg368_in,8a,17a,-3.3359,0.0398,-3.1514,0.1844
janssen_bace,bace_p3_arg368_in,27c,27b,-0.1425,0.0297,0.041,0.1835
janssen_bace,bace_p3_arg368_in,8d,8c,-0.0915,0.0264,0.0409,0.1324
janssen_bace,bace_p3_arg368_in,8b,8c,0.0737,0.0218,0.2046,0.131
janssen_bace,bace_p3_arg368_in,17b,17c,-0.0441,0.0218,-0.1637,0.1196
janssen_bace,bace_p3_arg368_in,17e,17b,0.2521,0.031,0.3683,0.1162
janssen_bace,bace_p3_arg368_in,8b,8d,0.092,0.0266,0.1637,0.0717
janssen_bace,bace_p3_arg368_in,17e,17d,0.6101,0.025,0.5593,0.0508
janssen_bace,bace_keranen_p2,33,34,-1.6776,0.0294,0.09,1.7676
janssen_bace,bace_keranen_p2,31,33,1.3608,0.0284,0.12,1.2408
janssen_bace,bace_keranen_p2,35,36_out,-1.4086,0.0293,-0.55,0.8586
janssen_bace,bace_keranen_p2,30,33,0.9785,0.0275,0.12,0.8585
janssen_bace,bace_keranen_p2,38_in,37_in,-0.592,0.025,-0.07,0.522
janssen_bace,bace_keranen_p2,31,32,-0.4971,0.0243,0.0,0.4971
janssen_bace,bace_keranen_p2,30,31,-0.3332,0.024,0.0,0.3332
janssen_bace,bace_keranen_p2,36_out,34,0.387,0.029,0.21,0.177
misc,cdk8_koehler,16,15,-1.8554,0.0269,0.9153,2.7708
misc,cdk8_koehler,15,14,1.013,0.0235,-1.3114,2.3244
misc,cdk8_koehler,13,15,-0.5908,0.0282,1.477,2.0678
misc,cdk8_koehler,17,21,-1.37,0.0247,0.533,1.903
misc,cdk8_koehler,21,20,0.5086,0.0216,-0.4208,0.9294
misc,cdk8_koehler,22,20,0.2429,0.0264,1.007,0.7641
misc,cdk8_koehler,17,14,-1.3576,0.0233,-0.6363,0.7213
misc,cdk8_koehler,20,14,-0.0515,0.0251,-0.7485,0.697
misc,cdk8_koehler,22,16,1.2335,0.0227,0.6546,0.5789
misc,cdk8_koehler,12,19,0.0772,0.0216,-0.3918,0.469
misc,cdk8_koehler,16,14,-0.7146,0.0201,-0.3961,0.3185
misc,cdk8_koehler,19,13,-0.6613,0.0271,-0.9724,0.3111
misc,cdk8_koehler,13,14,-0.1327,0.0238,0.1656,0.2983
misc,cdk8_koehler,12,20,-0.5887,0.0221,-0.4501,0.1386
misc,btk_extra_flip,11,9_flip,1.7235,0.0396,3.1939,1.4703
misc,btk_extra_flip,2,8,-0.531,0.0285,-1.9185,1.3874
misc,btk_extra_flip,9_flip,8,-0.2528,0.0341,-1.2755,1.0227
misc,btk_extra_flip,9_flip,10,-1.768,0.0389,-2.5392,0.7711
misc,btk_extra_flip,11,10,0.2639,0.0226,0.6547,0.3908
misc,btk_extra_flip,7,9_flip,0.4134,0.0464,0.7537,0.3403
misc,btk_extra_flip,11,7,2.6687,0.0346,2.4402,0.2285
misc,btk_extra_flip,7,2,1.2457,0.0262,1.3967,0.1509
misc,galectin3_extra,17m,18d,0.1135,0.0264,-2.66,2.7735
misc,galectin3_extra,17r,18g,0.2143,0.0318,-1.7234,1.9377
misc,galectin3_extra,17g,17a,-0.0464,0.0246,1.676,1.7223
misc,galectin3_extra,17e,17b,-0.0338,0.0252,1.3906,1.4244
misc,galectin3_extra,18b,18i,1.3815,0.0277,2.6543,1.2729
misc,galectin3_extra,17k,17a,-0.1118,0.0244,1.0892,1.201
misc,galectin3_extra,18h,18i,0.0565,0.0276,1.1938,1.1373
misc,galectin3_extra,18a,18g,0.9823,0.0313,-0.1452,1.1275
misc,galectin3_extra,17p,18b,-1.3267,0.0279,-2.4141,1.0874
misc,galectin3_extra,17f,17b,0.0084,0.0247,1.0746,1.0662
misc,galectin3_extra,18e,18b,-0.0322,0.0244,-0.9874,0.9552
misc,galectin3_extra,18d,18f,0.3311,0.0383,1.232,0.901
misc,galectin3_extra,17o,17m,0.1061,0.0256,1.004,0.8979
misc,galectin3_extra,17k,18b,-0.011,0.0267,-0.8385,0.8275
misc,galectin3_extra,17f,17g,0.1053,0.022,-0.6277,0.733
misc,galectin3_extra,17m,17q,-0.1536,0.0266,-0.8851,0.7315
misc,galectin3_extra,17l,17k,0.0296,0.0231,-0.6785,0.7081
misc,galectin3_extra,17p,17a,0.2133,0.0268,-0.4864,0.6998
misc,galectin3_extra,17n,17b,0.0487,0.0274,-0.5923,0.641
misc,galectin3_extra,18a,18i,0.9287,0.0289,1.5217,0.593
misc,galectin3_extra,18d,17c,-0.1503,0.0261,0.4107,0.561
misc,galectin3_extra,18h,18d,-0.2891,0.0337,-0.7649,0.4758
misc,galectin3_extra,17i,17a,-0.062,0.0226,0.4107,0.4727
misc,galectin3_extra,17e,17h_flip,0.1129,0.0247,0.5692,0.4563
misc,galectin3_extra,17h_flip,17i,-0.0387,0.0263,0.3843,0.423
misc,galectin3_extra,17j,17d,-0.0384,0.0225,0.29,0.3284
misc,galectin3_extra,17k,17c,-0.0385,0.0243,0.2678,0.3063
misc,galectin3_extra,17g,18b,0.0527,0.0219,-0.2517,0.3044
misc,galectin3_extra,18g,18h,0.2232,0.0258,0.4731,0.2499
misc,galectin3_extra,17k,17j,-0.0303,0.0225,0.1809,0.2112
misc,galectin3_extra,18a,17l,0.1778,0.0303,0.3843,0.2065
misc,galectin3_extra,17o,17r,0.1541,0.0336,0.3591,0.205
misc,galectin3_extra,17i,17d,-0.0483,0.0236,-0.2075,0.1592
misc,galectin3_extra,18a,18f,0.641,0.0316,0.795,0.154
misc,galectin3_extra,17n,17r,0.0255,0.0285,0.1645,0.139
misc,galectin3_extra,17p,17o,0.0411,0.0287,-0.0624,0.1035
misc,galectin3_extra,17n,17p,-0.0542,0.0258,-0.1322,0.0781
misc,galectin3_extra,17b,17a,-0.0704,0.0227,-0.0263,0.0441
misc,galectin3_extra,17h_flip,17j,-0.0737,0.0247,-0.1132,0.0395
misc,galectin3_extra,18e,18g,0.0361,0.0264,0.0,0.0361
misc,galectin3_extra,17p,17q,0.0652,0.0334,0.0565,0.0087
misc,hiv_prot_ekegren,17,14,-2.6737,0.0347,0.8136,3.4873
misc,hiv_prot_ekegren,1,15,-1.653,0.0313,0.7831,2.4361
misc,hiv_prot_ekegren,17,20,-1.5378,0.0372,-0.0487,1.4891
misc,hiv_prot_ekegren,18,19,-0.4413,0.0348,0.9811,1.4224
misc,hiv_prot_ekegren,9,14,-1.4442,0.0328,-0.1704,1.2738
misc,hiv_prot_ekegren,9,12,0.4567,0.0258,-0.7649,1.2216
misc,hiv_prot_ekegren,11_2cen,18,0.628,0.029,-0.5139,1.1419
misc,hiv_prot_ekegren,12,19,-0.6313,0.034,0.4107,1.042
misc,hiv_prot_ekegren,1,13,-0.0926,0.0313,0.902,0.9946
misc,hiv_prot_ekegren,15,14,-0.4777,0.0259,0.3027,0.7804
misc,hiv_prot_ekegren,9,11_2cen,-0.209,0.0257,-0.8214,0.6124
misc,hiv_prot_ekegren,11_2cen,12,0.5464,0.027,0.0565,0.4899
misc,hiv_prot_ekegren,16,14,-0.0335,0.026,0.3875,0.421
misc,hiv_prot_ekegren,10,19,-0.47,0.035,-0.0515,0.4185
misc,hiv_prot_ekegren,20,13,1.04,0.0315,0.6785,0.3615
misc,hiv_prot_ekegren,16,15,0.3923,0.0272,0.0848,0.3075
misc,hiv_prot_ekegren,1,12,0.1908,0.029,0.4913,0.3005
misc,hiv_prot_ekegren,11_2cen,10,0.7425,0.0272,0.5187,0.2238
misc,hiv_prot_ekegren,20,19,0.6765,0.0467,0.6785,0.002
fragments,frag_liga_auto,3,12,-5.9717,0.0395,-3.02,2.9517
fragments,frag_liga_auto,9,3,2.5103,0.0266,0.35,2.1603
fragments,frag_liga_auto,3,7,-0.8496,0.0236,0.78,1.6296
fragments,frag_liga_auto,3,5,-0.1089,0.0236,1.23,1.3389
fragments,frag_liga_auto,9,11,-1.3762,0.0329,-2.7,1.3238
fragments,frag_liga_auto,5,10,-2.8528,0.0213,-1.74,1.1128
fragments,frag_liga_auto,11,13,-2.2838,0.031,-1.59,0.6938
fragments,frag_liga_auto,5,8,-1.693,0.0236,-1.03,0.663
fragments,frag_liga_auto,7,5,0.7542,0.02,0.45,0.3042
fragments,frag_liga_auto,4,8,0.409,0.0239,0.67,0.261
fragments,frag_liga_auto,4,6,1.018,0.0219,1.2,0.182
fragments,frag_liga_auto,12,13,-1.4782,0.0236,-1.62,0.1418
fragments,frag_liga_auto,9,10,-0.2281,0.0211,-0.16,0.0681
fragments,frag_liga_auto,7,6,-0.0299,0.0216,-0.05,0.0201
fragments,jak2_set2_extra,12,15,-3.0113,0.0397,0.0557,3.067
fragments,jak2_set2_extra,12,14,-3.3153,0.0452,-0.355,2.9604
fragments,jak2_set2_extra,13_3E64,15,0.6288,0.0374,2.3178,1.689
fragments,jak2_set2_extra,21,13_3E64,0.258,0.0261,-1.3566,1.6146
fragments,jak2_set2_extra,20,14,1.7174,0.0409,0.2779,1.4395
fragments,jak2_set2_extra,12,13_3E64,-3.4788,0.0435,-2.2621,1.2167
fragments,jak2_set2_extra,21,20,-0.7714,0.025,0.2727,1.0441
fragments,jak2_set2_extra,15,14,-1.339,0.0369,-0.4107,0.9283
fragments,jak2_set2_extra,22_flip,13_3E64,1.1376,0.0251,0.4107,0.7269
fragments,jak2_set2_extra,21,18,0.0751,0.0343,0.0152,0.0599
fragments,frag_mup1,PT,SBT_S,-1.1841,0.0196,-0.22,0.9641
fragments,frag_mup1,IBT,SBT_S,0.042,0.0227,0.67,0.628
fragments,frag_mup1,PT,MT,3.0307,0.0204,2.56,0.4707
fragments,frag_mup1,ET,IPT,-1.3114,0.0191,-0.89,0.4214
fragments,frag_mup1,MT,IPT,-2.5572,0.0204,-2.21,0.3472
fragments,frag_mup1,IBT,PT,1.173,0.0193,0.89,0.283
fragments,frag_mup1,ET,PT,-1.4964,0.0189,-1.24,0.2564
fragments,frag_mup1,PT,IPT,0.1651,0.0218,0.35,0.1849
fragments,jak2_set1,4a,7,0.1736,0.0327,-1.9964,2.1699
fragments,jak2_set1,2_3E63,4a,-0.3987,0.0293,1.0428,1.4414
fragments,jak2_set1,4b,4a,-1.4241,0.0296,0.0,1.4241
fragments,jak2_set1,6,1_3E62,-1.0476,0.0277,0.212,1.2595
fragments,jak2_set1,3,10,-3.1178,0.0347,-1.9084,1.2094
fragments,jak2_set1,9,5,-0.3996,0.024,0.5741,0.9737
fragments,jak2_set1,7,10,0.7873,0.0316,1.7166,0.9293
fragments,jak2_set1,9,3,4.0364,0.0327,3.1283,0.9081
fragments,jak2_set1,4b,1_3E62,0.2566,0.0261,0.8775,0.6209
fragments,jak2_set1,2_3E63,8,-0.3076,0.0213,-0.8676,0.5599
fragments,jak2_set1,10,8,-1.3428,0.0266,-1.6306,0.2878
fragments,jak2_set1,2_3E63,5,-0.1081,0.0223,0.1172,0.2253
fragments,jak2_set1,7,6,2.4756,0.0306,2.6619,0.1863
fragments,jak2_set1,2_3E63,10,0.614,0.0242,0.763,0.1491
fragments,hsp90_frag_single_ring,11,3,1.2716,0.0294,-0.19,1.4616
fragments,hsp90_frag_single_ring,11,12,0.4584,0.0248,-0.47,0.9284
fragments,hsp90_frag_single_ring,3,10,-0.7835,0.0196,0.0,0.7835
fragments,hsp90_frag_single_ring,9,12,-0.5243,0.029,-1.23,0.7057
fragments,hsp90_frag_single_ring,2,8,-0.4059,0.0261,-1.1,0.6941
fragments,hsp90_frag_single_ring,9,10,-0.2817,0.0237,-0.95,0.6683
fragments,hsp90_frag_single_ring,9,2,0.9601,0.0194,0.43,0.5301
fragments,hsp90_frag_single_ring,12,8,0.8669,0.026,0.56,0.3069
fragments,frag_mcl1_noweak,3,7,3.2497,0.0293,0.51,2.7397
fragments,frag_mcl1_noweak,3,5,2.8508,0.0233,0.35,2.5008
fragments,frag_mcl1_noweak,13_flipped,8,-2.9972,0.0265,-1.16,1.8372
fragments,frag_mcl1_noweak,11,8,0.8932,0.0238,-0.82,1.7132
fragments,frag_mcl1_noweak,7,13_flipped,2.2495,0.0267,0.67,1.5795
fragments,frag_mcl1_noweak,13_flipped,15,-1.5835,0.0343,-0.1,1.4835
fragments,frag_mcl1_noweak,4,14,1.6558,0.0325,0.2,1.4558
fragments,frag_mcl1_noweak,4,5,1.1874,0.0193,-0.23,1.4174
fragments,frag_mcl1_noweak,5,10,-0.3675,0.0273,1.0,1.3675
fragments,frag_mcl1_noweak,11,10,1.7998,0.0267,0.51,1.2898
fragments,frag_mcl1_noweak,9,15,1.2408,0.0318,0.17,1.0708
fragments,frag_mcl1_noweak,5,2,-0.27,0.0211,0.71,0.98
fragments,frag_mcl1_noweak,15,14,0.144,0.0322,-0.3,0.444
fragments,frag_mcl1_noweak,2,8,-0.6486,0.0281,-1.04,0.3914
fragments,frag_mcl1_noweak,5,14,0.7857,0.0324,0.43,0.3557
fragments,frag_mcl1_noweak,9,10,0.0881,0.0216,0.44,0.3519
fragments,t4lysozyme_uvt,butyl_benzene,para_methyl_ethyl_benzene,-0.538,0.0253,1.28,1.818
fragments,t4lysozyme_uvt,para_methyl_ethyl_benzene,p-xylene,1.9758,0.0207,0.75,1.2258
fragments,t4lysozyme_uvt,meta_methyl_ethyl_benzene,m-xylene,1.3786,0.0208,0.36,1.0186
fragments,t4lysozyme_uvt,propyl_benzene,butyl_benzene,0.7938,0.0211,-0.15,0.9438
fragments,t4lysozyme_uvt,para_methyl_ethyl_benzene,ethyl_benzene,0.5077,0.0209,-0.34,0.8477
fragments,t4lysozyme_uvt,butyl_benzene,ethyl_benzene,0.2225,0.0226,0.94,0.7175
fragments,t4lysozyme_uvt,propyl_benzene,isobutyl_benzene,0.7316,0.0213,0.07,0.6616
fragments,t4lysozyme_uvt,benzene,p-xylene,-0.12,0.0228,0.53,0.65
fragments,t4lysozyme_uvt,butyl_benzene,ortho_methyl_ethyl_benzene,1.547,0.0253,2.13,0.583
fragments,t4lysozyme_uvt,ethyl_benzene,meta_methyl_ethyl_benzene,1.1571,0.0211,0.64,0.5171
fragments,t4lysozyme_uvt,ortho_methyl_ethyl_benzene,ethyl_benzene,-1.5914,0.0217,-1.19,0.4014
fragments,t4lysozyme_uvt,ortho_methyl_ethyl_benzene,o-xylene,0.3554,0.0212,-0.04,0.3954
fragments,t4lysozyme_uvt,butyl_benzene,benzene,1.7473,0.0247,1.5,0.2473
fragments,t4lysozyme_uvt,methyl_benzene,benzene,0.4658,0.02,0.32,0.1458
fragments,t4lysozyme_uvt,benzene,o-xylene,0.6866,0.0231,0.59,0.0966
fragments,t4lysozyme_uvt,butyl_benzene,meta_methyl_ethyl_benzene,1.6296,0.0253,1.58,0.0496
fragments,t4lysozyme_uvt,butyl_benzene,methyl_benzene,1.1398,0.0231,1.18,0.0402
fragments,t4lysozyme_uvt,benzene,m-xylene,0.4756,0.0228,0.44,0.0356
fragments,t4lysozyme_uvt,propyl_benzene,ethyl_benzene,0.8064,0.0207,0.79,0.0164
fragments,t4lysozyme_uvt,butyl_benzene,isobutyl_benzene,0.2071,0.0241,0.22,0.0129
fragments,hsp90_frag_2rings,18,15,1.4364,0.0206,-0.92,2.3564
fragments,hsp90_frag_2rings,15,14,-0.1024,0.0251,1.16,1.2624
fragments,hsp90_frag_2rings,18,14,1.4895,0.0261,0.24,1.2495
fragments,hsp90_frag_2rings,18,19,-0.0945,0.0229,-1.3,1.2055
fragments,hsp90_frag_2rings,17,19,-1.1515,0.0205,-0.34,0.8115
fragments,hsp90_frag_2rings,17,16,2.2707,0.0239,1.8,0.4707
fragments,hsp90_frag_2rings,16,15,-1.9421,0.0227,-1.76,0.1821
fragments,hsp90_frag_2rings,17,15,0.2018,0.0228,0.04,0.1618
fragments,frag_p38,4,3,4.2629,0.0262,1.31,2.9529
fragments,frag_p38,3,6,-3.4096,0.0308,-0.95,2.4596
fragments,frag_p38,4,5_1WBW,1.5187,0.0267,-0.54,2.0587
fragments,frag_p38,3,1_1W7H,-1.5329,0.0217,0.15,1.6829
fragments,frag_p38,4,7,0.5277,0.0337,-0.9,1.4277
fragments,frag_p38,4,1_1W7H,2.5823,0.0224,1.46,1.1223
fragments,frag_p38,5_1WBW,1_1W7H,0.9327,0.0268,2.0,1.0673
fragments,frag_p38,7,6,0.5539,0.0289,1.26,0.7061
fragments,frag_p38,4,6,0.9947,0.0327,0.36,0.6347
fragments,frag_p38,5_1WBW,7,-0.7001,0.0361,-0.36,0.3401
opls_stress,chk1_set2,17374_cys,17509,0.7582,0.028,1.1161,0.3579
opls_stress,chk1_set7,19997,19998,0.1637,0.0245,1.8304,1.6667
opls_stress,chk1_set7,19998,19934_cys,-0.2101,0.0244,-1.7832,1.5731
opls_stress,chk1_set7,19997,19934_cys,0.037,0.0256,0.0472,0.0102
opls_stress,chk1_set4,23704_cys,23873,1.4567,0.0303,0.4658,0.9909
opls_stress,fxa_set3,20814_6,20820_11,-2.1334,0.0308,-0.3,1.8334
opls_stress,fxa_set3,20814_6,20539_10,-2.1816,0.0309,-0.65,1.5316
opls_stress,fxa_set3,20820_11,20819_8,0.9325,0.0276,-0.35,1.2825
opls_stress,fxa_set3,20539_10,20820_11,-0.617,0.0247,0.35,0.967
opls_stress,fxa_set3,20814_6,20819_8,-1.5027,0.0305,-0.65,0.8527
opls_stress,fxa_set3,20539_10,20819_8,0.3286,0.0261,0.0,0.3286
opls_stress,chk1_set3,23882,23703_cys,1.0279,0.0306,-0.2107,1.2386
opls_stress,chk1_set3,23703_cys,23864,-0.9972,0.0233,-0.3306,0.6666
opls_stress,chk1_set3,23882,23863,0.3623,0.0339,-0.3018,0.6641
opls_stress,chk1_set3,23882,23864,0.0856,0.034,-0.5413,0.6269
opls_stress,chk1_set3,23703_cys,23863,-0.627,0.023,-0.0911,0.5359
opls_stress,chk1_set3,23864,23863,0.383,0.0244,0.2395,0.1435
opls_stress,chk1_set6,13,23708_cys,-0.851,0.0326,-3.27,2.419
opls_stress,chk1_set6,13,15,0.5551,0.0356,-1.09,1.6451
opls_stress,chk1_set6,23708_cys,15,3.7564,0.0344,2.18,1.5764
opls_stress,fxa_yoshikawa_set,8n,8b,-3.6029,0.0377,2.0098,5.6127
opls_stress,fxa_yoshikawa_set,8n,8g,-3.1564,0.0368,0.2349,3.3912
opls_stress,fxa_yoshikawa_set,8e,8n,3.9335,0.037,1.0304,2.9031
opls_stress,fxa_yoshikawa_set,5e,8o,0.2767,0.0424,-2.4057,2.6824
opls_stress,fxa_yoshikawa_set,5a,8h,1.2816,0.0429,-0.8319,2.1135
opls_stress,fxa_yoshikawa_set,8e,5a,-2.179,0.0307,-0.0778,2.1012
opls_stress,fxa_yoshikawa_set,8n,8k,-3.3065,0.0335,-1.21,2.0965
opls_stress,fxa_yoshikawa_set,8e,5h,-3.6534,0.0463,-1.6091,2.0443
opls_stress,fxa_yoshikawa_set,5f,5e,1.477,0.0265,3.3028,1.8259
opls_stress,fxa_yoshikawa_set,5f,8f,-0.0189,0.0398,1.8012,1.8201
opls_stress,fxa_yoshikawa_set,8n,5b,1.0578,0.049,2.7747,1.7168
opls_stress,fxa_yoshikawa_set,8a,5c,-0.5077,0.0306,-2.1856,1.6778
opls_stress,fxa_yoshikawa_set,8b,8d,2.0686,0.0291,0.437,1.6316
opls_stress,fxa_yoshikawa_set,8i,8k,-0.0831,0.0254,-1.3764,1.2933
opls_stress,fxa_yoshikawa_set,8p,5c,-1.3081,0.0425,-0.0382,1.2699
opls_stress,fxa_yoshikawa_set,5g,8k,-0.0372,0.0412,-1.1771,1.1399
opls_stress,fxa_yoshikawa_set,5e,8d,1.6902,0.0454,0.576,1.1142
opls_stress,fxa_yoshikawa_set,8c,8k,-2.4421,0.0296,-3.5436,1.1015
opls_stress,fxa_yoshikawa_set,5b,8i,-3.7005,0.0435,-2.6083,1.0922
opls_stress,fxa_yoshikawa_set,8d,8i,-3.3455,0.0309,-2.2804,1.0652
opls_stress,fxa_yoshikawa_set,5h,8g,3.8886,0.043,2.8744,1.0142
opls_stress,fxa_yoshikawa_set,8j,A_cor,0.7391,0.0227,-0.2487,0.9878
opls_stress,fxa_yoshikawa_set,8g,5c,-0.8045,0.0443,-1.7234,0.9188
opls_stress,fxa_yoshikawa_set,8g,5d,-0.658,0.042,-1.5383,0.8802
opls_stress,fxa_yoshikawa_set,8p,8k,-0.6321,0.0246,0.2403,0.8724
opls_stress,fxa_yoshikawa_set,8j,8p,0.6469,0.0236,-0.0531,0.7
opls_stress,fxa_yoshikawa_set,8e,8a,1.0683,0.0334,1.7275,0.6592
opls_stress,fxa_yoshikawa_set,5h,5k,2.0603,0.0458,1.4417,0.6186
opls_stress,fxa_yoshikawa_set,8i,8a,1.1473,0.0332,0.5307,0.6167
opls_stress,fxa_yoshikawa_set,8d,5a,-4.117,0.03,-3.555,0.562
opls_stress,fxa_yoshikawa_set,8l,8h,-0.2914,0.0249,-0.8319,0.5405
opls_stress,fxa_yoshikawa_set,8d,5c,-3.4013,0.0305,-3.9353,0.534
opls_stress,fxa_yoshikawa_set,8m,8o,1.6836,0.0286,1.1649,0.5187
opls_stress,fxa_yoshikawa_set,5b,5d,-4.5799,0.0274,-4.0781,0.5018
opls_stress,fxa_yoshikawa_set,8c,8a,-1.137,0.0285,-1.6365,0.4996
opls_stress,fxa_yoshikawa_set,5f,8e,0.8808,0.0415,0.4016,0.4792
opls_stress,fxa_yoshikawa_set,5i,8d,3.5636,0.0477,3.114,0.4496
opls_stress,fxa_yoshikawa_set,8e,5i,-0.0621,0.0478,0.3632,0.4253
opls_stress,fxa_yoshikawa_set,8l,5d,-0.6126,0.0406,-0.1952,0.4174
opls_stress,fxa_yoshikawa_set,8e,5g,0.6645,0.0434,0.9975,0.333
opls_stress,fxa_yoshikawa_set,5a,8a,2.135,0.0297,1.8053,0.3297
opls_stress,fxa_yoshikawa_set,8b,8f,-1.9612,0.0295,-1.6406,0.3206
opls_stress,fxa_yoshikawa_set,5k,8a,1.7371,0.0348,1.8949,0.1578
opls_stress,fxa_yoshikawa_set,8m,5c,0.0556,0.0321,0.2113,0.1557
opls_stress,fxa_yoshikawa_set,8l,5c,-0.4302,0.0434,-0.3803,0.0499
opls_stress,fxa_yoshikawa_set,8n,A_cor,-1.6557,0.0327,-1.6459,0.0098
opls_stress,chk1_set1,19967,19971,1.5993,0.0358,0.194,1.4053
opls_stress,chk1_set1,17353_cys,19971,1.603,0.0325,0.7519,0.8511
opls_stress,chk1_set1,19967,17353_cys,-0.0699,0.0235,-0.5579,0.488
opls_stress,hc_bace1,22250_20_0_ligand,19677_19_0_ligand,-0.3707,0.025,-1.72,1.3493
opls_stress,hc_bace1,19677_19_0_ligand,22253_23_0_ligand,0.0049,0.028,1.08,1.0751
opls_stress,hc_bace1,22256_26_0_ligand,22252_22_0_ligand,-2.1416,0.0313,-3.05,0.9084
opls_stress,hc_bace1,22254_24_0_ligand,22253_23_0_ligand,0.0089,0.0301,0.72,0.7111
opls_stress,hc_bace1,22250_20_0_ligand,22251_21_0_ligand,-0.7015,0.0274,-1.3,0.5985
opls_stress,hc_bace1,22256_26_0_ligand,22253_23_0_ligand,-1.2997,0.029,-1.79,0.4903
opls_stress,hc_bace1,22251_21_0_ligand,22253_23_0_ligand,0.2221,0.0287,0.66,0.4379
opls_stress,hc_bace1,22254_24_0_ligand,22252_22_0_ligand,-0.9075,0.0236,-0.54,0.3675
opls_stress,hc_bace1,22250_20_0_ligand,22252_22_0_ligand,-1.5551,0.0286,-1.9,0.3449
opls_stress,pb_bace3,22316,22319,-0.1324,0.0299,1.0362,1.1685
opls_stress,pb_bace3,22319,19678_cys,-0.6572,0.0227,-1.7672,1.11
opls_stress,pb_bace3,22320,22319,-0.2931,0.0291,0.6624,0.9555
opls_stress,pb_bace3,22320,19678_cys,-0.7814,0.0308,-1.1048,0.3234
opls_stress,pb_bace3,22316,22320,0.1267,0.03,0.3738,0.2471
opls_stress,pb_bace3,22316,19678_cys,-0.8911,0.0297,-0.731,0.1601
opls_stress,hc_bace2,37_0_ligand,42_0_ligand,3.1975,0.0311,-1.53,4.7275
opls_stress,hc_bace2,37_0_ligand,44_0_ligand,1.5354,0.0288,-1.57,3.1054
opls_stress,hc_bace2,39_0_ligand,30_0_ligand,-2.1286,0.0283,0.78,2.9086
opls_stress,hc_bace2,30_0_ligand,44_0_ligand,1.1817,0.028,-0.17,1.3517
opls_stress,hc_bace2,35_0_ligand,42_0_ligand,0.8815,0.034,-0.36,1.2415
opls_stress,hc_bace2,37_0_ligand,30_0_ligand,-0.4337,0.0265,-1.4,0.9663
opls_stress,hc_bace2,35_0_ligand,33_0_ligand,0.42,0.0274,-0.31,0.73
opls_stress,hc_bace2,41_0_ligand,42_0_ligand,0.2836,0.0339,-0.17,0.4536
opls_stress,hc_bace2,34_0_ligand,41_0_ligand,0.256,0.0305,-0.15,0.406
opls_stress,hc_bace2,40_0_ligand,42_0_ligand,-0.4707,0.0335,-0.32,0.1507
opls_stress,hc_bace2,40_0_ligand,41_0_ligand,-0.2978,0.0306,-0.15,0.1478
opls_stress,hc_bace2,39_0_ligand,41_0_ligand,0.6856,0.0277,0.82,0.1344
opls_stress,hc_bace2,34_0_ligand,33_0_ligand,-0.3613,0.0242,-0.27,0.0913
opls_stress,cr_bace1,3,10,3.5216,0.037,0.6,2.9216
opls_stress,cr_bace1,5,6,-0.1236,0.0309,-2.7,2.5764
opls_stress,cr_bace1,7,5,-1.6205,0.0338,0.0,1.6205
opls_stress,cr_bace1,10,8,-1.8874,0.0299,-0.3,1.5874
opls_stress,cr_bace1,4,1,0.0212,0.0242,-1.4,1.4212
opls_stress,cr_bace1,1,9S,1.7449,0.0357,2.8,1.0551
opls_stress,cr_bace1,4,2,0.1867,0.026,-0.6,0.7867
opls_stress,cr_bace1,7,9S,0.3312,0.0248,0.9,0.5688
opls_stress,cr_bace1,1,6,-0.2378,0.0283,-0.8,0.5622
opls_stress,cr_bace1,9R,2,-0.3721,0.0315,-0.9,0.5279
opls_stress,cr_bace1,4,3,-0.8514,0.0258,-1.3,0.4486
opls_stress,cr_bace1,1,8,0.6508,0.0342,0.4,0.2508
opls_stress,cr_bace1,3,9R,1.6517,0.0364,1.6,0.0517
opls_stress,fxa_set5,20705_cys,21331,-0.5386,0.0251,0.14,0.6786
opls_stress,fxa_set4,21027_1q,1t,1.6012,0.0303,-1.89,3.4912
opls_stress,fxa_set4,16352_1e,21031_1p,-1.1103,0.0283,2.33,3.4403
opls_stress,fxa_set4,21027_1q,21081_1k,2.2449,0.0336,-0.22,2.4649
opls_stress,fxa_set4,21030_1o,21082_1l,-0.1197,0.0285,1.51,1.6297
opls_stress,fxa_set4,21081_1k,16353_1d,-0.9773,0.0234,-2.43,1.4527
opls_stress,fxa_set4,21028_1r,21081_1k,0.5319,0.0276,1.92,1.3881
opls_stress,fxa_set4,1s,21031_1p,-0.0978,0.0264,1.28,1.3778
opls_stress,fxa_set4,1s,21081_1k,1.1846,0.0305,2.05,0.8654
opls_stress,fxa_set4,21081_1k,21082_1l,-0.5703,0.0298,0.14,0.7103
opls_stress,fxa_set4,21030_1o,16353_1d,-0.3993,0.0281,-1.06,0.6607
opls_stress,fxa_set4,21080_1j,16352_1e,-0.9097,0.0334,-1.4,0.4903
opls_stress,fxa_set4,21080_1j,1t,-0.4283,0.0342,0.03,0.4583
opls_stress,fxa_set4,21030_1o,21028_1r,-0.2895,0.0277,-0.55,0.2605
opls_stress,fxa_set4,21080_1j,21028_1r,-0.3369,0.0282,-0.22,0.1169
opls_stress,chk1_set5,20315,19940,-3.1278,0.0404,-1.298,1.8298
opls_stress,chk1_set5,19939_cys,19940,-1.7001,0.0234,-0.649,1.0511
opls_stress,chk1_set5,20315,19939_cys,-1.391,0.0363,-0.649,0.742
opls_stress,cr_bace2,24,20,-1.7989,0.0262,-4.1,2.3011
opls_stress,cr_bace2,16,20,1.3998,0.0284,-0.6,1.9998
opls_stress,cr_bace2,24,13,-2.4424,0.0295,-4.4,1.9576
opls_stress,cr_bace2,21,20,-0.8904,0.0217,-2.4,1.5096
opls_stress,cr_bace2,11,21,1.2499,0.0253,2.7,1.4501
opls_stress,cr_bace2,20,14,-1.1398,0.0276,-0.1,1.0398
opls_stress,cr_bace2,21,23,0.6904,0.0241,-0.1,0.7904
opls_stress,cr_bace2,22,16,-2.2581,0.0302,-1.6,0.6581
opls_stress,cr_bace2,12,13,-0.0579,0.0279,-0.7,0.6421
opls_stress,cr_bace2,22,23,0.5936,0.0272,0.1,0.4936
opls_stress,cr_bace2,12,14,-0.8129,0.0266,-0.5,0.3129
opls_stress,cr_bace2,15,14,-0.6063,0.0268,-0.3,0.3063
opls_stress,cr_bace2,13,23,2.3114,0.0285,2.6,0.2886
opls_stress,cr_bace2,11,13,-0.2882,0.024,0.0,0.2882
opls_stress,cr_bace2,20,19,-0.4112,0.0241,-0.2,0.2112
opls_stress,cr_bace2,12,15,-0.3397,0.0238,-0.2,0.1397
opls_stress,cr_bace2,19,13,-0.1985,0.0247,-0.1,0.0985
opls_stress,fxa_set6,21083,21087,-0.9322,0.0294,-5.3016,4.3694
opls_stress,fxa_set6,21083,21086,-1.5078,0.029,-4.7603,3.2525
opls_stress,fxa_set6,21085,21087,-0.7756,0.0285,-3.7789,3.0033
opls_stress,fxa_set6,21084,21086,-0.9893,0.0273,-3.8216,2.8323
opls_stress,fxa_set6,21084,20524_2j95_cys,-1.7279,0.0239,-3.9534,2.2255
opls_stress,fxa_set6,21085,21086,-1.1608,0.0288,-3.2376,2.0768
opls_stress,fxa_set6,20524_2j95_cys,21087,1.1582,0.0246,-0.4095,1.5677
opls_stress,fxa_set6,21086,21087,0.5721,0.0254,-0.5413,1.1134
opls_stress,fxa_set6,21085,20524_2j95_cys,-2.2567,0.026,-3.3694,1.1127
opls_stress,fxa_set6,21083,21085,-0.4647,0.0302,-1.5227,1.058
opls_stress,fxa_set6,21084,21085,-0.1535,0.0282,-0.584,0.4305
opls_stress,fxa_set6,21086,20524_2j95_cys,-0.5324,0.0241,-0.1318,0.4006
opls_stress,fxa_set6,21083,21084,-0.6795,0.0231,-0.9387,0.2593
charge_annhil,ptp1b,26neu,32,-0.9799,0.0356,-4.09,3.1101
charge_annhil,ptp1b,26neu,27,-0.4119,0.0334,-1.79,1.3781
charge_annhil,ptp1b,27,32,-1.1942,0.048,-2.3,1.1058
charge_annhil,ephx2,19neu,20,-0.1289,0.033,-0.9,0.7711
charge_annhil,ephx2,47neu,33,1.1528,0.0329,0.51,0.6428
charge_annhil,ephx2,20,33,-1.2927,0.0336,-1.6,0.3073
charge_annhil,thrombin_whole_map,11,3,-1.4762,0.0377,0.18,1.6562
charge_annhil,thrombin_whole_map,10,2,-0.0528,0.0284,1.53,1.5828
charge_annhil,thrombin_whole_map,1,2,-0.8491,0.0256,0.66,1.5091
charge_annhil,thrombin_whole_map,11,jmb2009-4,-6.9692,0.0425,-5.69,1.2792
charge_annhil,thrombin_whole_map,3,2,-0.9076,0.0407,-0.48,0.4276
charge_annhil,thrombin_whole_map,1,10,-0.5519,0.0265,-0.87,0.3181
charge_annhil,thrombin_whole_map,1,jmb2009-4,-4.4956,0.0429,-4.73,0.2344
charge_annhil,thrombin_whole_map,3,jmb2009-4,-5.939,0.0412,-5.87,0.069
charge_annhil,thrombin_whole_map,11,10,-1.8937,0.0404,-1.83,0.0637
charge_annhil,itk,17,19,0.3267,0.0346,-1.8,2.1267
charge_annhil,itk,17,18,0.3726,0.036,-1.5,1.8726
charge_annhil,itk,17,1neu,0.0857,0.034,-1.3,1.3857
charge_annhil,itk,1neu,18,0.424,0.0339,-0.2,0.624
charge_annhil,itk,18,19,0.0437,0.0346,-0.3,0.3437
charge_annhil,irak4_s2,18,6,-0.648,0.0284,2.41,3.058
charge_annhil,irak4_s2,6,14,0.5538,0.0282,-1.6,2.1538
charge_annhil,irak4_s2,5neu,6,-0.6573,0.0356,1.1,1.7573
charge_annhil,irak4_s2,18,14,0.0967,0.0233,0.81,0.7133
charge_annhil,irak4_s2,17neu,18,-0.2518,0.0251,-0.81,0.5582
charge_annhil,irak4_s2,17neu,14,-0.1117,0.0259,0.0,0.1117
charge_annhil,irak4_s2,5neu,14,-0.4151,0.0311,-0.5,0.0849
charge_annhil,dlk,9,4neu,0.1042,0.0334,-0.6,0.7042
charge_annhil,dlk,9,18,-0.8115,0.0351,-1.25,0.4385
charge_annhil,dlk,17neu,18,0.4467,0.0292,0.46,0.0133
charge_annhil,tyk2,ejm_52neu,ejm_46,-1.4154,0.0274,-3.93,2.5146
charge_annhil,tyk2,ejm_47,ejm_52neu,0.3468,0.0295,2.3,1.9532
charge_annhil,tyk2,jmc_32charg,ejm_46,-1.0869,0.0392,0.24,1.3269
charge_annhil,tyk2,jmc_31,ejm_46,-1.8142,0.0262,-0.5,1.3142
charge_annhil,tyk2,jmc_32charg,jmc_31,-0.1521,0.0416,0.74,0.8921
charge_annhil,tyk2,ejm_47,ejm_46,-0.9706,0.0279,-1.63,0.6594
charge_annhil,irak4_s3,19charg,29,0.5071,0.0493,1.89,1.3829
charge_annhil,irak4_s3,19charg,28charg,0.1414,0.0457,1.1,0.9586
charge_annhil,irak4_s3,19charg,27,1.2638,0.0476,1.89,0.6262
charge_annhil,irak4_s3,28charg,27,0.675,0.0467,0.79,0.115
charge_annhil,irak4_s3,29,27,0.0885,0.0326,0.0,0.0885
charge_annhil,irak4_s3,29,28charg,-0.8196,0.0478,-0.79,0.0296
charge_annhil,jnk1,6a,19b_neu,-0.9723,0.0251,1.11,2.0823
charge_annhil,jnk1,6a,19a_neu,0.1561,0.0256,1.55,1.3939
charge_annhil,jnk1,19a_neu,19b_neu,-1.1414,0.0292,-0.44,0.7014
charge_annhil,jak1,jmc_25,jmc_22,-1.7457,0.0248,0.06,1.8057
charge_annhil,jak1,18charg,16charg,-0.9074,0.0344,0.76,1.6674
charge_annhil,jak1,17,jmc_25,0.8064,0.0363,-0.54,1.3464
charge_annhil,jak1,17,16charg,-0.6107,0.0539,0.33,0.9407
charge_annhil,jak1,17,jmc_22,-1.265,0.0317,-0.48,0.785
charge_annhil,jak1,jmc_25,jmc_34,-2.0257,0.0272,-1.66,0.3657
charge_annhil,jak1,18charg,jmc_34,-1.4624,0.0586,-1.77,0.3076
charge_annhil,cdk2,39neu,34,0.4934,0.0328,-1.51,2.0034
charge_annhil,cdk2,39neu,25,-0.0336,0.0261,-1.46,1.4264
charge_annhil,cdk2,34,25,0.3461,0.0262,0.05,0.2961
charge_annhil,egfr,21,30neu,0.9189,0.0359,-1.37,2.2889
charge_annhil,egfr,21,29neu,0.5097,0.0384,-0.58,1.0897
charge_annhil,egfr,21,27neu,0.1973,0.0362,-0.06,0.2573
charge_annhil,egfr,21,28neu,-0.6524,0.0336,-0.82,0.1676
scaffold_hopping,EZH2_5ij7_corehop,22,27,1.9211,0.0256,1.32,0.6011
scaffold_hopping,EZH2_5ij7_corehop,31,29,0.1892,0.0264,0.0,0.1892
scaffold_hopping,TPSB2_3v7t,1,2,1.3646,0.0323,0.62,0.7446
scaffold_hopping,Bace1_4zsp,7,6,-2.7636,0.0323,-0.12,2.6436
scaffold_hopping,Bace1_4zsp,31,7,2.9191,0.0353,0.64,2.2791
scaffold_hopping,Bace1_4zsp,31,6,0.4072,0.0233,0.52,0.1128
scaffold_hopping,Fxa_2ei8,Edoxaban,4d,-2.636,0.04,0.87,3.506
scaffold_hopping,Fxa_2ei8,Edoxaban,4c,-2.103,0.0394,0.8,2.903
scaffold_hopping,Fxa_2ei8,4d,4c,-0.0524,0.0234,-0.07,0.0176
scaffold_hopping,CHK1_3u9n_corehop,21,19,-1.2092,0.0348,0.594,1.8032
scaffold_hopping,CHK1_3u9n_corehop,17,19,-0.2722,0.0254,1.168,1.4402
scaffold_hopping,CHK1_3u9n_corehop,17,1,-0.6441,0.0313,0.016,0.6601
scaffold_hopping,CHK1_3u9n_corehop,1,19,0.5048,0.0338,1.152,0.6472
scaffold_hopping,CHK1_3u9n_corehop,21,20,-0.4219,0.0417,-0.066,0.3559
scaffold_hopping,CHK1_3u9n_corehop,17,20,0.4046,0.0325,0.508,0.1034
scaffold_hopping,CHK1_3u9n_corehop,1,20,0.5353,0.0261,0.492,0.0433
scaffold_hopping,CHK1_3u9n_corehop,17,21,0.5414,0.0325,0.574,0.0326