mid,pdb,mutation,class,exp_ddG,fep_ddG,fep_ddG_std,n_replicas,protocol,difficult
1,1YON,N98A,A,-0.31,1.50,0.16,3,baseline,0
2,1YON,N98A,A,-0.60,0.58,0.16,3,baseline,0
5,1PWM,L300A,A,0.46,1.20,0.16,3,baseline,0
6,1PWM,L301M,A,0.70,0.11,0.18,3,baseline,0
8,1US0,T113C,A,-1.52,-1.00,0.26,3,baseline,0
10,2IKI,V47I,B,-0.31,-0.31,0.19,3,baseline,0
11,2PD9,I47V,A,-0.14,-0.32,0.18,3,baseline,0
12,2PDG,L300A,A,-0.24,-0.59,0.13,3,baseline,0
13,2PDG,S302R_C303D,B,2.73,2.90,1.57,3,baseline,0
15,2PDG,V47I,B,1.20,-0.38,0.07,3,baseline,0
16,2PDJ,A300L,B,-0.46,0.93,0.28,3,baseline,0
18,2PDP,R302S,C,-2.52,-0.83,0.55,3,pocket-heating,1
19,2PDQ,D303C,C,-2.40,-1.76,0.30,3,pocket-heating,0
20,2PDU,D303C,C,-2.47,-2.86,0.41,3,baseline,0
23,2PZN,S302R_C303D,B,2.47,3.25,0.11,3,pocket-heating,0
26,3LEP,C113T,A,-0.14,-0.40,0.31,3,baseline,0
31,3AFK,E66A,C,-0.61,-0.61,0.24,3,baseline,0
32,3AFK,R85A,C,1.12,1.43,0.78,3,baseline,0
33,3M3C,E66A,C,-0.49,0.14,0.37,3,baseline,0
34,3M3C,R85A,C,0.63,2.14,0.37,3,baseline,0
35,1A4H,E88G,C,-0.11,0.81,0.22,3,baseline,0
36,1A4H,K44R,A,0.24,-0.20,0.18,3,baseline,0
37,1A4H,K44R/K98N,C,0.66,-0.88,0.34,3,baseline,0
38,1A4H,K98N,C,-0.36,-0.87,0.26,3,baseline,0
39,1A4H,L89V,A,-0.95,0.29,0.14,3,baseline,0
40,1A4H,L89V/L93I,A,-0.52,0.70,0.59,3,baseline,0
41,1A4H,L93I,A,-0.74,0.58,0.26,3,baseline,0
42,1A4H,N92L,B,0.19,0.93,0.37,3,baseline,0
43,1A4H,V136M,A,0.49,1.99,0.05,3,baseline,0
44,1AMW,E88G,C,0.08,-0.04,0.10,3,baseline,0
45,1AMW,E88G/N92L,C,0.68,0.16,0.35,3,baseline,0
46,1AMW,K44R,A,0.23,0.12,0.35,3,baseline,0
47,1AMW,K44R/K98N,C,0.71,-0.39,0.28,3,baseline,0
48,1AMW,K98N,C,0.65,-0.61,0.19,3,baseline,0
49,1AMW,L89V,A,0.58,-0.27,0.02,3,baseline,0
50,1AMW,L89V/L93I,A,1.32,-0.67,0.47,3,pocket-heating,1
51,1AMW,L89V/L93I/V136M,A,1.63,-0.65,0.17,3,pocket-heating,1
52,1AMW,L93I,A,0.53,0.34,0.10,3,baseline,0
53,1AMW,N92L,B,0.65,-0.18,0.19,3,baseline,0
54,1AMW,V136M,A,1.22,0.86,0.15,3,baseline,0
55,2VWC,L89V_L93I_V136M,A,0.51,1.96,0.11,3,baseline,0
56,2VWC,V136M,A,0.40,1.77,0.21,3,baseline,0
57,2YGE,E88G_N92L,C,-1.26,1.16,0.36,3,pocket-heating,1
58,2YGF,V89L_I93L_M136V,A,-0.32,-0.56,0.49,3,baseline,0
59,3AQT,D94A,C,1.76,3.38,0.36,3,baseline,0
60,3AQT,R145A,C,2.11,1.00,0.80,3,baseline,0
61,3AQT,R148A,C,1.45,1.40,1.08,3,baseline,0
62,2PQL,E7L,C,1.76,0.98,0.66,3,baseline,0
63,2PQL,E7L_H35L,C,-1.10,-2.97,0.33,3,baseline,1
64,2PQL,H35L,A,-2.70,-2.57,0.93,3,baseline+lambda,0
65,2PQL,Y94L,A,2.09,3.48,1.37,3,baseline,0
67,2QEH,D139L,C,2.85,3.90,0.40,3,baseline,0
68,2QEH,E114L,C,4.87,5.21,0.51,3,baseline,0
69,2QEH,E7L,C,2.14,2.77,0.46,3,baseline,0
70,2QEH,E7L_H35L,C,3.02,4.12,0.59,3,pocket-heating,0
71,2QEH,H35L,A,-1.92,-3.61,0.30,3,baseline,0
72,2QEH,Y94L,A,0.59,2.82,1.19,3,pocket-heating+lambda,1
78,3H2K,G221I,B,0.27,0.99,0.23,3,baseline,0
83,3H2K,S176A,A,0.05,0.63,0.05,3,baseline,0
84,2FGU,S80V,B,0.30,0.00,0.44,3,baseline,0
85,2FGU,S80T,B,-0.16,-0.32,0.17,3,baseline,0
89,2Q64,A71V/N30D,C,-1.15,-0.74,0.40,3,baseline,0
90,2Q64,N30D,C,-1.77,-0.62,0.18,3,baseline,0
91,2Q64,L90M/N30D,C,-0.47,0.01,0.57,3,baseline,0
92,2Q64,N88D/N30D,C,-1.15,-1.48,1.43,3,baseline,0
93,2JBZ,D111A,C,0.48,-0.98,0.59,3,baseline,0
95,2JBZ,R15A,C,0.44,-0.31,0.38,3,baseline,0
96,2WDS,A110H,B,-0.10,-0.27,0.04,3,baseline,0
97,2II4,D288A,C,0.85,0.06,0.58,3,baseline,0
99,2II4,L293A,A,1.24,0.39,0.73,3,baseline,0
100,2II4,R230G,C,1.32,0.39,0.25,3,baseline,0
102,1GZF,Q182A,A,0.13,0.13,0.19,3,baseline,0
103,1GZF,Q212A,A,0.53,0.50,0.22,3,baseline,0
104,3UJ9,Y19F,A,-0.09,0.19,0.14,3,baseline,0
105,3UJB,H132A,A,0.25,0.09,0.34,3,baseline,0
106,3UJB,Y19F,A,0.24,0.48,0.07,3,baseline,0
108,3ZY2,D242A,C,-0.81,-0.68,0.15,3,baseline,0
111,3ZY2,F261A,A,-0.63,-0.25,0.18,3,baseline,0
112,3ZY2,F357A,A,2.57,3.71,0.32,3,pocket-heating,0
113,3ZY2,N43A,A,-0.09,0.82,0.48,3,baseline,0
114,3ZY2,R240K,A,3.06,4.54,1.28,3,baseline,0
115,3ZY2,R40A,C,1.29,4.51,0.73,3,pocket-heating,1
116,3ZY2,W245A,A,0.90,-2.95,1.18,3,pocket-heating+lambda,1
122,3EEB,H134A,A,0.84,0.13,0.38,3,baseline,0
123,3EEB,R182Q,C,1.38,-0.63,0.28,3,baseline,0
124,3EEB,R29Q,C,1.01,-0.55,0.17,3,baseline,0
131,3RDQ,S90T/V108W/T110L/L29F/G52S/S53R,C,0.30,-1.28,1.48,3,pocket-heating,1
